timestamp,episode,total_reward,steps,success,final_distance,start_distance
2025-09-19 18:05:51,0,2.2774013643893594,53,True,1.9117993369915314,5.689731888151561
2025-09-19 18:05:54,1,5.068666469386835,38,True,1.7611723125541932,9.048622757769197
2025-09-19 18:06:24,2,-18.528873455098925,361,False,4.247744496841982,6.428128345640487
2025-09-19 18:06:25,3,4.261264667735149,11,True,1.9977248857659071,5.233812772180146
2025-09-19 18:06:27,4,5.937842314203873,23,True,1.8480279348441573,8.690041507322624
2025-09-19 18:06:29,5,6.095810549133646,25,True,1.7921421112283822,9.466135502781194
2025-09-19 18:06:31,6,5.787168653421007,16,True,1.9780629096831568,8.279336061259341
2025-09-19 18:06:32,7,4.964101952258758,16,True,1.729584984920094,6.681726530639259
2025-09-19 18:06:35,8,4.846153526216444,33,True,1.9898817050036046,8.401618175588498
2025-09-19 18:07:05,9,-22.27360176245307,361,False,8.876045771677767,5.290864728334697
2025-09-19 18:07:22,10,-5.800703258385471,204,True,1.9942312099267954,6.887121760068711
2025-09-19 18:07:27,11,2.256938662377479,58,True,1.8312871822216614,6.586292149892893
2025-09-19 18:07:30,12,5.329559032780996,33,True,1.922848691235356,8.721640153055926
2025-09-19 18:08:00,13,-18.9095420154645,360,False,5.332138851707089,7.36226992017783
2025-09-19 18:08:05,14,1.879755505779979,62,True,1.9088149693519538,6.014062128560187
2025-09-19 18:08:11,15,3.1191422217062694,67,True,1.7172320540095682,8.176987042959702
2025-09-19 18:08:16,16,3.433753414546093,70,True,1.9570948671355564,9.899195528550704
2025-09-19 18:08:18,17,4.432355601614071,15,True,1.7773603864854641,5.69617691335581
2025-09-19 18:08:19,18,4.594220173792294,20,True,1.8282515004662925,6.559080580142181
2025-09-19 18:08:24,19,3.9890520494179116,51,True,1.996465133083892,8.64837517033341
2025-09-19 18:08:54,20,-20.804422455158246,363,False,9.039548035909664,8.125526614852902
2025-09-19 18:09:24,21,-20.344606152369426,363,False,5.619412483856707,5.339327086664647
2025-09-19 18:09:54,22,-22.958580342922527,363,False,11.382326573717421,6.838280881251412
2025-09-19 18:10:24,23,-19.559859118724447,360,False,6.662064887632357,7.390840157929702
2025-09-19 18:10:29,24,1.9724539114227282,64,True,1.973934835975548,6.169920821392588
2025-09-19 18:10:33,25,3.369581896236454,40,True,1.9346163292352954,6.448928248459144
2025-09-19 18:11:03,26,-20.71887418525844,361,False,9.19060149097031,8.202400922847852
2025-09-19 18:11:08,27,3.2208882443810785,66,True,1.9254440815899312,8.679069948537473
2025-09-19 18:11:38,28,-19.039460964121968,363,False,7.204470746300747,9.066869307479644
2025-09-19 18:11:40,29,5.490177843666351,18,True,1.8938400789942649,7.693610632791595
2025-09-19 18:12:10,30,-17.092662590770985,365,False,3.59847651634079,8.809983800220335
2025-09-19 18:12:40,31,-21.874216725712355,363,False,10.358636382144523,7.380037574747699
2025-09-19 18:12:46,32,0.5191623223810504,77,True,1.9212834427084815,5.311591947505169
2025-09-19 18:13:17,33,-19.77619480865733,364,False,5.052531224403263,6.033232783440491
2025-09-19 18:13:20,34,4.641301659224625,39,True,1.9370502642787155,8.4055377128701
2025-09-19 18:13:22,35,4.076609457370634,25,True,1.9873927430079523,5.985800072815505
2025-09-19 18:13:52,36,-19.91081270697772,363,False,6.423001957302981,6.962781484694666
2025-09-19 18:14:22,37,-20.374091397089636,360,False,6.838056906345794,6.044448469740484
2025-09-19 18:14:52,38,-19.39095057466181,362,False,8.075638631718924,9.951800129509477
2025-09-19 18:14:54,39,4.778612243650588,20,True,1.9338554153915388,6.989640306798365
2025-09-19 18:15:24,40,-19.734474481938104,362,False,7.493657627153335,7.586623085997535
2025-09-19 18:15:54,41,-19.880050501738825,362,False,5.794944966639242,6.7846419131330205
2025-09-19 18:16:00,42,3.2583379065446856,74,True,1.9942396715885637,9.615283207244552
2025-09-19 18:16:30,43,-19.138639723081074,365,False,5.187453048954765,7.434673558303381
2025-09-19 18:16:34,44,5.32065288452219,42,True,1.600698842531273,9.47707176525773
2025-09-19 18:16:36,45,5.374116494450194,20,True,1.6515878062194034,7.445698180277135
2025-09-19 18:16:42,46,2.893154318488006,71,True,1.925692555054011,8.427529540948232
2025-09-19 18:16:44,47,4.806159530279684,32,True,1.9967927158695322,8.090850803000295
2025-09-19 18:16:46,48,5.529964618457374,15,True,1.6263266084980954,7.702478144913161
2025-09-19 18:16:47,49,5.070756561690166,17,True,1.7354185197966192,6.978454107018172
2025-09-19 18:16:49,50,4.693314617131545,18,True,1.7233622986998065,6.00433305895286
2025-09-19 18:17:19,51,-19.823884492615456,361,False,4.5757691816978445,5.1564087398943235
2025-09-19 18:17:21,52,4.683791485577814,25,True,1.9352379927233743,7.25968184916145
2025-09-19 18:17:30,53,0.9349900957844308,103,True,1.9776635290443154,9.008171196890059
2025-09-19 18:17:34,54,3.894911241033745,56,True,1.6506054478298176,8.860920155778366
2025-09-19 18:17:41,55,1.2272981431563623,74,True,1.821263907619216,5.681821823989027
2025-09-19 18:18:11,56,-19.862290506511037,366,False,5.113869995005991,5.895726850677722
2025-09-19 18:18:41,57,-20.146311097270427,363,False,8.29212387311107,8.28373095477209
2025-09-19 18:18:54,58,-2.447054752316385,165,True,1.960436714728205,8.68962708014028
2025-09-19 18:19:24,59,-19.00912686425422,362,False,4.635623373314785,6.579296903458789
2025-09-19 18:19:33,60,-0.27393026856016345,106,True,1.8789185560629897,6.196374647332493
2025-09-19 18:20:03,61,-18.285363267140433,363,False,5.511075373541715,8.614669576465221
2025-09-19 18:20:08,62,2.411165224746285,56,True,1.6728548838158466,6.239307898555239
2025-09-19 18:20:12,63,2.559854394906151,51,True,1.9055492636609044,6.258951634225719
2025-09-19 18:20:42,64,-19.26996786914377,362,False,7.044627651732257,8.261923368562078
2025-09-19 18:20:48,65,2.3740194638037253,67,True,1.8533607870509512,7.366304018881839
2025-09-19 18:20:51,66,4.91376047272761,43,True,1.9537018593024529,8.942828851688402
2025-09-19 18:21:22,67,-20.606837130366912,366,False,5.805891617394144,5.1873546104862935
2025-09-19 18:21:29,68,1.6295852518299703,93,True,1.8991351790794895,8.356214611160693
2025-09-19 18:21:32,69,5.575256726641202,28,True,1.7832830022142165,8.861444431945756
2025-09-19 18:21:38,70,1.7051331450449094,81,True,1.9314402601095417,7.413003691903358
2025-09-19 18:22:09,71,-18.498345419288388,359,False,5.601223413059873,7.766554623153437
2025-09-19 18:22:16,72,-0.2801836676459062,93,True,1.9235218666924891,5.129726920466515
2025-09-19 18:22:35,73,-7.50428639467469,223,True,1.8729117019215202,5.828336082350701
2025-09-19 18:22:39,74,2.8832198475642072,46,True,1.9956724365935343,6.097943495283235
2025-09-19 18:22:40,75,5.004447130013622,13,True,1.913656117743617,6.709408188900661
2025-09-19 18:22:44,76,3.1367568239834602,46,True,1.9066195734868232,6.526640653985936
2025-09-19 18:22:47,77,3.9091144301989074,45,True,1.9915708198325988,7.5115646382381485
2025-09-19 18:22:52,78,3.371991084495686,56,True,1.9478943134997355,8.22958987840956
2025-09-19 18:22:58,79,2.5526467723859985,66,True,1.7407032382024024,7.64708103830319
2025-09-19 18:23:02,80,4.007191383393013,53,True,1.9037882911639112,9.191931310647
2025-09-19 18:23:12,81,-0.08569747890922708,114,True,1.9077513317119728,7.76518057693575
2025-09-19 18:23:24,82,-2.620603255732778,150,True,1.9631647678489454,7.5339004861255745
2025-09-19 18:23:29,83,4.713692710764777,58,True,1.7251914480342416,9.972927872707272
2025-09-19 18:23:32,84,5.432338167443878,32,True,1.9471484725155959,9.079762358977929
2025-09-19 18:23:34,85,5.980655157739457,26,True,1.886494853536867,9.072473437606766
2025-09-19 18:23:59,86,-11.900951367298065,299,True,1.837483305207078,5.871305034276242
2025-09-19 18:24:02,87,5.62487134205951,36,True,1.7809624103053383,9.661800082207327
2025-09-19 18:24:05,88,3.602267345573127,45,True,1.96496239667263,7.392669137941865
2025-09-19 18:24:07,89,6.526198749028085,23,True,1.6070594725727727,9.820867308539421
2025-09-19 18:24:09,90,4.133313528750586,12,True,1.8661761898875209,5.066310465697849
2025-09-19 18:24:14,91,3.7096864827269087,63,True,1.8904845366339025,8.663521492055136
2025-09-19 18:24:18,92,3.509869874645617,51,True,1.9571717716584496,8.335270806741931
2025-09-19 18:24:22,93,4.045499013214625,47,True,1.6495597922374738,7.568018414503284
2025-09-19 18:24:27,94,1.9309720953681666,64,True,1.988792188640408,6.730188324339678
2025-09-19 18:24:31,95,4.640621076884254,39,True,1.9178524463862414,8.307453094662524
2025-09-19 18:24:32,96,5.333246142438016,19,True,1.9166638797085231,7.573489586705058
2025-09-19 18:24:39,97,2.8936918111144365,77,True,1.920064259751207,9.015233515935698
2025-09-19 18:24:48,98,-0.14014176065058592,109,True,1.8523590874691656,6.851939858678959
2025-09-19 18:24:49,99,5.934637988922891,17,True,1.7685588475958487,8.61851529026476
2025-09-19 18:25:05,100,-5.373372937269132,190,True,1.9365105616338634,6.099486719364463
2025-09-19 18:25:12,101,1.6842077486404248,80,True,1.9868836422501437,7.671038314588195
2025-09-19 18:25:42,102,-18.791962887387115,359,False,3.4612047753000814,5.79278752325122
2025-09-19 18:25:48,103,2.740689696617612,75,True,1.9326960948068792,8.390141308662875
2025-09-19 18:25:53,104,2.9143025197901684,65,True,1.895517761613291,7.744022789776215
2025-09-19 18:26:07,105,-3.4984010950150424,167,True,1.874589557883557,7.016695510682857
2025-09-19 18:26:10,106,5.297338868614995,30,True,1.5441290230723057,7.633084041251315
2025-09-19 18:26:14,107,2.945302165119972,48,True,1.924961368591324,6.20002340513304
2025-09-19 18:26:17,108,2.858633813901855,37,True,1.9253462271761546,5.033716038786892
2025-09-19 18:26:18,109,4.2403699411353255,17,True,1.8144076106747744,5.257832549867356
2025-09-19 18:26:48,110,-18.92575230705478,363,False,4.435950098932084,5.763351618787612
2025-09-19 18:26:50,111,6.457596295758169,22,True,1.9250157920961377,9.91436470501211
2025-09-19 18:26:52,112,5.642493094763561,24,True,1.8166161849058304,8.226559737285124
2025-09-19 18:26:54,113,5.734126514402277,15,True,1.7892980370051417,7.796203576515797
2025-09-19 18:26:56,114,4.196486631625692,34,True,1.8494844842178835,7.20174256394586
2025-09-19 18:27:01,115,3.0790387801762433,56,True,1.8408059289963146,7.797977163098354
2025-09-19 18:27:04,116,3.3027563733477603,32,True,1.985250197585793,5.465133554985003
2025-09-19 18:27:07,117,2.9331671211662305,40,True,1.925525954656189,5.497689248194168
2025-09-19 18:27:10,118,4.369961382001161,31,True,1.971487221301899,7.261040745246294
2025-09-19 18:27:14,119,3.602978197655808,52,True,1.8369636577646173,7.832689835538151
2025-09-19 18:27:18,120,3.4231629637078176,40,True,1.9493887958099576,6.391432520703395
2025-09-19 18:27:21,121,3.725786327315575,33,True,1.6508752919838163,5.977906473321476
2025-09-19 18:27:24,122,5.493757375543759,42,True,1.8851106630417584,9.792037403859775
2025-09-19 18:27:29,123,3.3949823551542813,53,True,1.6236109037303497,7.078889169679215
2025-09-19 18:27:31,124,5.601727942564744,22,True,1.9004411977166902,8.246829281619142
2025-09-19 18:27:35,125,3.449246683183828,48,True,1.997789899893567,7.274960743164934
2025-09-19 18:27:39,126,3.5803845611933367,54,True,1.624448311701763,6.7439124335800456
2025-09-19 18:27:41,127,5.304774278781814,18,True,1.9995818771332494,7.580727611007609
2025-09-19 18:27:45,128,3.6023684913709957,46,True,1.935963681897358,7.446164047649397
2025-09-19 18:27:50,129,2.848694108540209,59,True,1.9310036552920031,8.199236664213284
2025-09-19 18:27:52,130,6.235757534933562,26,True,1.5483124844382998,9.748442047110972
2025-09-19 18:27:57,131,4.24838145066959,57,True,1.975591765311851,9.144626736039896
2025-09-19 18:27:58,132,5.819238075543089,16,True,1.9433548109872913,8.27806820480117
2025-09-19 18:28:01,133,5.180702725287192,34,True,1.6947668706610068,8.74584660755632
2025-09-19 18:28:05,134,2.742570863634012,42,True,1.9938049610164357,5.587887169072858
2025-09-19 18:28:18,135,-3.99485152459103,167,True,1.8800150198068912,6.0224463996167525
2025-09-19 18:28:20,136,5.220418759455448,18,True,1.8417896426486762,6.986131254131206
2025-09-19 18:28:21,137,4.424076744479832,10,True,1.7195410866523282,5.436555739884656
2025-09-19 18:28:51,138,-19.693482865203197,363,False,5.909951338826585,6.899047034605495
2025-09-19 18:28:54,139,5.340413458842944,32,True,1.4634045855765334,8.386600011989216
2025-09-19 18:28:58,140,1.7669181441551067,57,True,1.8927796528268894,5.120939713247549
2025-09-19 18:29:00,141,6.222034419818295,23,True,1.7108512975540762,9.319487145121368
2025-09-19 18:29:05,142,3.919483668012774,58,True,1.8054957574772759,8.778518630854096
2025-09-19 18:29:09,143,3.2055041273561926,47,True,1.8740513497255415,6.788927984085534
2025-09-19 18:29:17,144,-0.25115116074581456,90,True,1.963177621680372,5.235227103156752
2025-09-19 18:29:24,145,1.4586849833828899,86,True,1.5035232409350827,6.710758220220298
2025-09-19 18:29:29,146,4.793098048827474,59,True,1.773439634983061,9.615641234841656
2025-09-19 18:29:59,147,-19.654796198582485,362,False,4.4404394919187125,5.396897191384369
2025-09-19 18:30:01,148,4.123298158223605,23,True,1.877826059229883,5.793882945637612
2025-09-19 18:30:04,149,3.5932033749416252,34,True,1.969112995297743,6.441255894750151
2025-09-19 18:30:11,150,0.5503137442500976,85,True,1.9191394966345687,5.9559654081092
2025-09-19 18:30:13,151,5.938988350251684,32,True,1.6908702474871056,9.788060500482787
2025-09-19 18:30:15,152,5.448313228286954,18,True,1.6396722198081513,7.451663268414538
2025-09-19 18:30:22,153,0.8791106374529492,88,True,1.824341204278557,7.076970785297478
2025-09-19 18:30:24,154,6.2772938824979265,25,True,1.7168010340519462,9.457456845714757
2025-09-19 18:30:29,155,5.110925779983914,52,True,1.6476649012814737,9.362753510234715
2025-09-19 18:30:32,156,3.3078201818657855,43,True,1.8369958804410587,5.832451910472425
2025-09-19 18:30:36,157,4.0128876484223435,47,True,1.9048624215302887,8.026849938358076
2025-09-19 18:30:38,158,4.800771362597969,16,True,1.7740672877198584,6.650675747147642
2025-09-19 18:30:40,159,5.434643057180601,26,True,1.8357223649280312,7.776609624277108
2025-09-19 18:30:43,160,4.623332917600422,33,True,1.8094992934627656,7.566916470184421
2025-09-19 18:30:45,161,5.744706252091211,23,True,1.3721995473106872,8.264503236970945
2025-09-19 18:30:46,162,4.908292064669591,10,True,1.928225301612905,6.204739291205296
2025-09-19 18:30:48,163,6.023785517662532,25,True,1.7007796629097165,8.937620519171494
2025-09-19 18:30:51,164,4.640940740008977,37,True,1.9826487450173624,8.25102493367622
2025-09-19 18:30:55,165,3.8502918444471126,45,True,1.977824610279753,6.661722887541273
2025-09-19 18:30:59,166,4.469729824010231,47,True,1.9893684967684153,8.82544845889536
2025-09-19 18:31:04,167,3.38540888128387,62,True,1.6730865779355504,9.183752627499869
2025-09-19 18:31:08,168,3.486828103626075,50,True,1.8823518203758447,7.271471654160041
2025-09-19 18:31:13,169,3.547103294052595,58,True,1.7244973941288644,7.930070189993126
2025-09-19 18:31:16,170,5.419116329874481,35,True,1.4762239143009863,8.49354373368736
2025-09-19 18:31:19,171,3.804947592833642,34,True,1.7919044600909921,6.605891924245235
2025-09-19 18:31:24,172,3.552410642534033,55,True,1.7957765439719138,8.021722925467724
2025-09-19 18:31:28,173,1.9688349685460165,53,True,1.9881231245334867,5.682855262032831
2025-09-19 18:31:32,174,5.586034360623362,43,True,1.9045346122602766,9.766655601091394
2025-09-19 18:31:36,175,2.8324636250888346,49,True,1.9166517907381937,6.375661650141355
2025-09-19 18:31:39,176,4.477380576393725,41,True,1.7468058923320413,7.939960260157717
2025-09-19 18:31:42,177,4.41520653967642,38,True,1.971657229585311,7.987035045907149
2025-09-19 18:31:48,178,1.363984545301764,64,True,1.7424813631883553,5.140930485582932
2025-09-19 18:31:52,179,4.824765324778645,47,True,1.8665071958368993,9.396028271808495
2025-09-19 18:31:56,180,4.460895880704708,53,True,1.9027167701320546,9.184068312720497
2025-09-19 18:32:01,181,2.734859299681178,59,True,1.99959008971171,6.807743559917813
2025-09-19 18:32:07,182,4.207296777214981,63,True,1.7384632941331675,9.146674657054787
2025-09-19 18:32:10,183,4.597058800840358,36,True,1.8225882056002485,7.483585157513801
2025-09-19 18:32:16,184,1.7074683521983842,77,True,1.9886305912802482,6.810159795049387
2025-09-19 18:32:20,185,3.0998781909402533,45,True,1.8453441353419282,6.001622878002171
2025-09-19 18:32:23,186,3.413936252139611,34,True,1.8371570596704203,5.664093940257316
2025-09-19 18:32:26,187,3.5841955414044406,37,True,1.7233309858749934,6.1899374132962555
2025-09-19 18:32:28,188,4.450443744013074,25,True,1.9548346462404753,6.633898385302071
2025-09-19 18:32:32,189,3.45341605527938,45,True,1.7612929938488826,5.745413617241734
2025-09-19 18:32:35,190,4.895767952152665,43,True,1.8851514734397163,8.757497977785851
2025-09-19 18:32:39,191,3.185479802590244,42,True,1.9699211121494853,5.821131984486522
2025-09-19 18:32:43,192,4.350372589357606,46,True,1.9316422259589914,9.0122670329489
2025-09-19 18:32:46,193,5.873125479809744,37,True,1.7612026369488003,9.030245787511713
2025-09-19 18:32:48,194,4.975179155148704,28,True,1.8957745885278783,7.284771482976599
2025-09-19 18:32:53,195,3.0068998095402932,56,True,1.813287744409053,7.366342988031357
2025-09-19 18:32:56,196,5.635695648115277,32,True,1.797863556472737,9.222477169485265
2025-09-19 18:32:57,197,5.8892505037522795,22,True,1.7760692443945774,8.701939741339
2025-09-19 18:33:00,198,4.2862959815475,33,True,1.553625089374802,6.788077960496715
2025-09-19 18:33:05,199,4.423566043381014,60,True,1.91130627111695,9.157566586170732
2025-09-19 18:33:10,200,7.561304969003644,63,True,1.9746855318846677,15.009115904152944
2025-09-19 18:33:16,201,10.624851908137328,71,True,1.6071993268473517,19.653545434315202
2025-09-19 18:33:22,202,8.218967856140377,62,True,1.788786143358668,16.122719726793243
2025-09-19 18:33:28,203,9.616451735884382,82,True,1.9059752876350737,19.963879208863368
2025-09-19 18:33:33,204,8.572467970717724,54,True,1.8764343969050155,15.131982259185182
2025-09-19 18:33:38,205,6.960177913556874,56,True,1.5999052523215147,13.19858138215267
2025-09-19 18:33:43,206,10.270673406728477,65,True,1.7321484286839317,19.74060641490183
2025-09-19 18:33:47,207,9.311410169262587,44,True,1.9442175321892146,16.829463176057864
2025-09-19 18:33:51,208,6.981510920684432,46,True,1.9009785062070583,11.586905922919918
2025-09-19 18:33:55,209,10.315690396370384,51,True,1.9500818763419485,18.44009846166156
2025-09-19 18:34:01,210,5.697393728166603,64,True,1.9552811419553677,13.087875057929505
2025-09-19 18:34:07,211,4.403182687373416,74,True,1.916747680312082,11.79861480727287
2025-09-19 18:34:13,212,8.636214252670396,70,True,1.3655212105053007,17.568429974448893
2025-09-19 18:34:18,213,10.699892119254132,69,True,1.6428507835367836,19.381982662311874
2025-09-19 18:34:26,214,8.447017496502959,94,True,1.6977407488564926,19.80272242208723
2025-09-19 18:34:30,215,7.732876291454091,50,True,1.8122462587850716,13.05219879570596
2025-09-19 18:34:35,216,10.88660046767569,57,True,1.8261904910122717,19.647920035552527
2025-09-19 18:34:39,217,6.911587255247346,44,True,1.6869085140997457,11.61319318095005
2025-09-19 18:34:47,218,8.472596090010535,94,True,1.709376736487187,19.802957362010932
2025-09-19 18:34:50,219,7.166075633501561,38,True,1.7852475841780615,12.283374997649307
2025-09-19 18:34:57,220,6.503057369604723,86,True,1.9210694377733977,15.09222163636467
2025-09-19 18:35:02,221,7.481887502969367,57,True,1.8267787074337893,14.624951322076237
2025-09-19 18:35:06,222,5.788855206887476,48,True,1.6729302237923167,11.032523992203686
2025-09-19 18:35:12,223,7.312150600944486,77,True,1.6406771383831713,16.7325050059464
2025-09-19 18:35:16,224,8.9675250463503,39,True,1.784038423174515,15.337771713336119
2025-09-19 18:35:21,225,7.526315510675651,60,True,1.908490227028508,14.989421756368321
2025-09-19 18:35:30,226,6.876735865871146,113,True,1.9594511249152469,18.488709500544292
2025-09-19 18:35:33,227,8.694054905234477,35,True,1.8790879266226312,14.506129861130676
2025-09-19 18:35:36,228,7.86660312854505,36,True,1.856928495115678,13.195935529651333
2025-09-19 18:35:39,229,6.5131384464374875,44,True,1.5134479847319238,11.185597745941582
2025-09-19 18:35:45,230,9.846978899368448,66,True,1.867885395467449,17.89850829291089
2025-09-19 18:35:49,231,8.475724120857098,46,True,1.6697560123640884,15.027166076913185
2025-09-19 18:35:55,232,6.01640101183671,73,True,1.9902639630306138,11.606938934365472
2025-09-19 18:36:00,233,6.499431036672705,56,True,1.9868505017787008,12.454790045902232
2025-09-19 18:36:05,234,4.671623447852639,69,True,1.894391705045802,11.028916136268313
2025-09-19 18:36:09,235,7.557917883905809,47,True,1.6752950068150532,13.161380164256068
2025-09-19 18:36:15,236,5.23130177111025,68,True,1.8881544934004764,11.483872174707193
2025-09-19 18:36:20,237,9.441554692250152,57,True,1.9980019630186396,18.009320257898118
2025-09-19 18:36:25,238,10.731161046130014,66,True,1.5282485913725603,19.906621034896432
2025-09-19 18:36:31,239,10.608690449972036,61,True,1.5858675177908914,19.1401600784896
2025-09-19 18:36:35,240,5.276055351701368,54,True,1.8353552766720083,10.982954717458663
2025-09-19 18:36:39,241,8.70692392945211,45,True,1.8087662489980691,15.634886909818846
2025-09-19 18:36:46,242,6.570722705393596,83,True,1.9638522805100367,15.374212425782193
2025-09-19 18:36:50,243,8.146525728967017,47,True,1.7268171799124468,14.187945295886905
2025-09-19 18:36:54,244,9.612113839954365,54,True,1.9485188049438655,17.173322025709847
2025-09-19 18:36:59,245,6.543920966909628,49,True,1.950985954857522,12.282513743140623
2025-09-19 18:37:02,246,6.886557123479669,43,True,1.863486483075494,11.01948955550646
2025-09-19 18:37:08,247,8.85484895531662,67,True,1.9588694310933157,17.20264404472211
2025-09-19 18:37:14,248,5.449437976080166,68,True,1.3942224822482137,12.893159674037477
2025-09-19 18:37:20,249,8.702584184189432,75,True,1.8093021309893376,17.556273160397577
2025-09-19 18:37:24,250,5.467298615995507,50,True,1.9269780228416813,10.715544958063745
2025-09-19 18:37:29,251,7.629469523148426,59,True,1.91942215097821,14.976467367669697
2025-09-19 18:37:34,252,6.1803422619188915,52,True,1.7301149193702114,11.900265868792038
2025-09-19 18:37:38,253,6.239220403668105,56,True,1.8210198550173504,11.97668265777863
2025-09-19 18:37:42,254,7.748802716762771,39,True,1.6469104583486882,13.378761336621372
2025-09-19 18:37:47,255,5.997346531800863,68,True,1.5073268912932938,13.11618021424357
2025-09-19 18:37:53,256,8.229574280507494,67,True,1.9798162471543024,16.579736883997178
2025-09-19 18:38:00,257,6.690318613853275,83,True,1.7640372038354026,13.883723194805416
2025-09-19 18:38:05,258,8.470042529717421,62,True,1.6577747361389306,16.213709114988042
2025-09-19 18:38:11,259,10.497186226746232,73,True,1.8164710599472513,19.833811391965504
2025-09-19 18:38:16,260,8.17882515600815,55,True,1.676869468414909,14.490715337234558
2025-09-19 18:38:19,261,9.074774125474908,42,True,1.6420208776189253,15.487591864511236
2025-09-19 18:38:24,262,8.58472915169088,60,True,1.9321113621376045,16.286684678699853
2025-09-19 18:38:28,263,5.9182896116603185,49,True,1.7653140421743898,10.782193433598405
2025-09-19 18:38:34,264,8.476462823720023,63,True,1.7183068094665683,16.023086231626852
2025-09-19 18:38:40,265,7.213053685621101,78,True,1.875975576613546,15.203755573157256
2025-09-19 18:38:45,266,8.890103649116917,52,True,1.467015512611018,16.234699196239053
2025-09-19 18:38:47,267,6.443556071574217,26,True,1.9423853291445834,10.019571920756919
2025-09-19 18:38:50,268,6.313594543321373,39,True,1.8976036159262206,10.723942041898145
2025-09-19 18:38:54,269,6.819975664464024,49,True,1.940976261957523,12.115846628441025
2025-09-19 18:38:59,270,10.050653501309318,59,True,1.655275725285449,18.68219561505857
2025-09-19 18:39:05,271,6.960107980301234,70,True,1.7399442349093097,14.72318514052133
2025-09-19 18:39:10,272,10.471262788347941,57,True,1.9433475046307045,19.60250422187693
2025-09-19 18:39:13,273,7.330096340938199,43,True,1.9814796380515067,13.552470263661627
2025-09-19 18:39:19,274,6.041624270729061,71,True,1.9723204707446564,13.038233428836188
2025-09-19 18:39:27,275,9.405556823838324,90,True,1.4995232146675703,20.091289830135175
2025-09-19 18:39:34,276,7.49948937749915,87,True,1.482008133161047,17.493590747063347
2025-09-19 18:39:40,277,4.506620668577537,75,True,1.556543090451192,11.165660210050635
2025-09-19 18:39:45,278,8.808942579574573,55,True,1.5422146771903387,15.402604442367585
2025-09-19 18:39:49,279,6.667317375924187,46,True,1.6807556881461674,11.281734363379693
2025-09-19 18:39:55,280,10.19240219951331,78,True,1.8669535516058895,19.99254352640015
2025-09-19 18:40:01,281,7.658179400309828,69,True,1.9489451920545153,15.121345681548839
2025-09-19 18:40:05,282,9.805340241397321,53,True,1.8042480834908032,17.68947063011146
2025-09-19 18:40:10,283,7.297847929022256,53,True,1.9291007596637386,13.907399886566697
2025-09-19 18:40:18,284,8.102539249854981,97,True,1.9680200501886609,18.56969439663819
2025-09-19 18:40:22,285,8.77039641958775,53,True,1.5204756071606125,15.976730807397274
2025-09-19 18:40:26,286,9.483985371608888,46,True,1.9681089111089767,16.87768686671094
2025-09-19 18:40:33,287,6.9223083909278555,80,True,1.8445192206968624,16.38249114358367
2025-09-19 18:40:36,288,9.162249094923546,34,True,1.8374344106362097,15.644803345800758
2025-09-19 18:40:41,289,6.381488155443552,61,True,1.9873322285634045,13.667040874466394
2025-09-19 18:40:47,290,9.145055566572742,68,True,1.9947876898717987,18.7714433501861
2025-09-19 18:40:53,291,7.5322860663945,74,True,1.9413221881686198,16.949977280649346
2025-09-19 18:40:57,292,9.590917860471947,52,True,1.9823214678247139,17.11259086699902
2025-09-19 18:41:02,293,8.641775843494274,61,True,1.9896917815478037,17.203479893652414
2025-09-19 18:41:09,294,6.1577794936072845,82,True,1.9629102995226513,15.306720208507775
2025-09-19 18:41:12,295,7.708637027459327,32,True,1.9378476984473605,12.648818644284571
2025-09-19 18:41:15,296,5.705858798251596,37,True,1.9934419777603534,10.188299724819988
2025-09-19 18:41:21,297,6.703446599009116,67,True,1.8110801912929713,14.292321291465045
2025-09-19 18:41:26,298,7.7707593307542995,58,True,1.7501801759107363,14.864857201190311
2025-09-19 18:41:30,299,9.813425921310202,52,True,1.913365020388246,17.42541379662837
2025-09-19 18:41:33,300,8.669071222416893,32,True,1.7997087853990927,14.650552014365696
2025-09-19 18:41:39,301,7.654539561787602,73,True,1.342520658291335,15.091607814099033
2025-09-19 18:41:42,302,6.090559428401424,35,True,1.5791614720196796,10.116299904126793
2025-09-19 18:41:45,303,7.453773277370869,37,True,1.939012582379876,12.465852128782403
2025-09-19 18:41:50,304,8.620566044397464,65,True,1.7823231561379624,17.5788640473428
2025-09-19 18:41:56,305,5.335280691557445,68,True,1.6051834579671818,11.862747971591512
2025-09-19 18:42:03,306,8.154309101663955,86,True,1.8945882292336602,17.991336426758046
2025-09-19 18:42:10,307,6.912175950434941,86,True,1.7410661959619977,16.488585723715055
2025-09-19 18:42:18,308,6.715000127255716,94,True,1.9024301514610014,16.8515327421819
2025-09-19 18:42:24,309,8.082703790469063,65,True,1.687658072124323,16.192126343308882
2025-09-19 18:42:29,310,7.917753589189238,58,True,1.8477806132202204,15.011104462372701
2025-09-19 18:42:35,311,9.809707593749021,76,True,1.5319329990018884,19.0896262009764
2025-09-19 18:42:39,312,7.088452927556569,40,True,1.5371071186695255,12.322262451415684
2025-09-19 18:42:42,313,8.872820422035737,46,True,1.6873521487359922,15.402836266825327
2025-09-19 18:42:45,314,8.802040568929451,35,True,1.890815685725093,14.785939326669254
2025-09-19 18:42:48,315,7.416973473569978,32,True,1.9070482092053196,12.135039452117253
2025-09-19 18:42:53,316,7.40494864372099,52,True,1.9812449136203618,13.855751317571407
2025-09-19 18:42:56,317,6.9938358123359645,42,True,1.8261361698349332,12.72079013316923
2025-09-19 18:43:00,318,9.287432982197762,45,True,1.9888085352596954,16.156429695943473
2025-09-19 18:43:04,319,7.456882761470549,46,True,1.7566688969307016,13.345345537835883
2025-09-19 18:43:08,320,8.505664556829212,53,True,1.5109063512879763,15.627057916238394
2025-09-19 18:43:13,321,8.747491386343015,60,True,1.996883369149176,16.757041575729332
2025-09-19 18:43:16,322,6.383833512507276,33,True,1.8609579882483018,10.303620463867023
2025-09-19 18:43:23,323,5.745428258118787,76,True,1.9616169089928503,14.105672839238144
2025-09-19 18:43:29,324,7.490299900155453,79,True,1.8932895117094406,16.80391964494651
2025-09-19 18:43:36,325,7.71231830215161,80,True,1.538723523985064,17.455263206641952
2025-09-19 18:43:47,326,2.7314757344740728,133,True,1.663260020821138,13.692624120674601
2025-09-19 18:43:51,327,9.233467080826378,50,True,1.564759268896615,16.659063754213445
2025-09-19 18:43:57,328,6.345570778707441,66,True,1.7999191075018026,13.058619276527393
2025-09-19 18:44:02,329,4.653251931874639,62,True,1.7377523078788064,10.533205880146113
2025-09-19 18:44:09,330,8.942344969047046,80,True,1.593515008014544,18.930734354230452
2025-09-19 18:44:12,331,6.92839408570207,43,True,1.5716443648203198,12.225127873768134
2025-09-19 18:44:18,332,6.565749964271652,73,True,1.9921112198329474,14.846352063733374
2025-09-19 18:44:24,333,6.235566249503427,62,True,1.9291841340545133,13.032756761499698
2025-09-19 18:44:28,334,6.560214657156578,55,True,1.910088189996609,12.780578920000163
2025-09-19 18:44:32,335,10.891647756882477,42,True,1.606772857693733,18.97233004789695
2025-09-19 18:44:38,336,6.966944322622862,74,True,1.6463519377334175,14.89229784809697
2025-09-19 18:44:45,337,6.668349305925834,89,True,1.6550962997703274,16.33899321286923
2025-09-19 18:44:48,338,8.455680677835298,35,True,1.513643783675888,14.002611824434751
2025-09-19 18:44:54,339,4.713493849291519,63,True,1.9803540086005067,11.030429048069612
2025-09-19 18:44:57,340,9.420598964886064,41,True,1.75966052949892,15.998674464328413
2025-09-19 18:45:02,341,10.224222640884625,64,True,1.8616582588416075,19.450363037750797
2025-09-19 18:45:07,342,9.089161770543773,49,True,1.844123210475291,16.625887873008438
2025-09-19 18:45:13,343,8.10950661479801,75,True,1.8133326361202395,17.348627170708482
2025-09-19 18:45:15,344,7.341578013660898,29,True,1.8051373705823717,12.043085911426578
2025-09-19 18:45:18,345,6.713171010943598,34,True,1.6160799050836858,10.983479995199474
2025-09-19 18:45:23,346,4.6459146856776306,61,True,1.9245382956447612,10.94378130481266
2025-09-19 18:45:27,347,6.219180203661653,44,True,1.7044673967521213,11.471885478812478
2025-09-19 18:45:31,348,5.406016435866249,51,True,1.9637332168448556,10.37724038308927
2025-09-19 18:45:36,349,9.069638220753227,56,True,1.9393747593518331,16.84480928533182
2025-09-19 18:45:41,350,5.5531020368114525,52,True,1.757924024839688,11.471137967077649
2025-09-19 18:45:46,351,6.160579048337981,56,True,1.9873154522137426,12.346685342867461
2025-09-19 18:45:48,352,7.554686677884647,34,True,1.8340017393580756,12.524711266856306
2025-09-19 18:45:54,353,9.650255388741758,62,True,1.8358821584895388,19.007769693911715
2025-09-19 18:45:58,354,9.860679830933623,58,True,1.8920404907399786,17.365353580628167
2025-09-19 18:46:01,355,7.014749637217975,31,True,1.9828987598737597,11.565266007770441
2025-09-19 18:46:06,356,9.420433533728204,56,True,1.1203947402323335,17.072037600298113
2025-09-19 18:46:10,357,10.975377632811714,51,True,1.9322098126530094,19.70169874120302
2025-09-19 18:46:15,358,8.545000100854285,55,True,1.8405456445075108,16.264790148910844
2025-09-19 18:46:18,359,6.536889688449613,36,True,1.858870068856919,11.133686935612326
2025-09-19 18:46:21,360,7.156874904943025,37,True,1.836374954681479,11.565131285730951
2025-09-19 18:46:24,361,7.887167571352695,33,True,1.9874812349567794,12.973682334077697
2025-09-19 18:46:29,362,8.919662502965792,69,True,1.627879941005688,17.922027445186348
2025-09-19 18:46:33,363,8.283484152804627,48,True,1.9163184977762142,15.589015505244735
2025-09-19 18:46:38,364,5.182738288323616,57,True,1.699594940079456,11.125509858918461
2025-09-19 18:46:43,365,8.226667999532095,52,True,1.9030437526343764,15.604503650851239
2025-09-19 18:46:48,366,8.82346513057304,68,True,1.9999915182350723,17.774209666864042
2025-09-19 18:46:53,367,9.72645348809574,61,True,1.8235806154583738,18.571010491821358
2025-09-19 18:46:59,368,10.054488469133656,64,True,1.7525901213087751,18.888585873398664
2025-09-19 18:47:02,369,9.549601825073793,42,True,1.7800855777473483,16.80144561838454
2025-09-19 18:47:09,370,8.512147534147976,77,True,1.8129141692118684,17.576501114265092
2025-09-19 18:47:15,371,5.589212712255057,66,True,1.8699555644878212,12.868947901132541
2025-09-19 18:47:18,372,9.356089497004259,43,True,1.8994932607371322,16.32174008786004
2025-09-19 18:47:22,373,7.271551014596749,51,True,1.7540384686405632,14.47898217083078
2025-09-19 18:47:28,374,6.9039336335000225,71,True,1.5938856912566381,15.571610807016768
2025-09-19 18:47:32,375,8.297663531770349,47,True,1.8236721803793943,14.658062131179692
2025-09-19 18:47:38,376,9.296139826910514,63,True,1.5317228957335485,17.499863386245508
2025-09-19 18:47:44,377,7.38291796129528,76,True,1.576664938268834,15.994209847019965
2025-09-19 18:47:51,378,8.782755214744153,81,True,1.766045610751744,18.646188224997573
2025-09-19 18:47:56,379,7.443445223771729,65,True,1.7658551634048063,15.134221931925673
2025-09-19 18:48:02,380,8.386544828045126,65,True,1.7170178527785471,16.859709727667855
2025-09-19 18:48:07,381,10.576087325434615,62,True,1.7007926113945482,19.967186389989333
2025-09-19 18:48:10,382,9.839669180242028,40,True,1.744468014052662,17.378110741221434
2025-09-19 18:48:13,383,6.932613329035899,26,True,1.932000136230286,11.168338330294034
2025-09-19 18:48:17,384,9.531292708645157,53,True,1.7963951251819676,16.7468198426121
2025-09-19 18:48:20,385,5.551082876086354,38,True,1.9764879046739112,10.028955234608766
2025-09-19 18:48:26,386,7.6090241010474156,65,True,1.9912645231115178,14.772861605191416
2025-09-19 18:48:30,387,8.123845954941432,54,True,1.8241418824067908,15.487942982163371
2025-09-19 18:48:37,388,7.854112197195604,77,True,1.4911882221896473,16.894361331361242
2025-09-19 18:48:42,389,7.377088815883653,54,True,1.9469866729952752,14.733995513903942
2025-09-19 18:48:45,390,5.698567496289696,45,True,1.8711631627539698,10.730690731986495
2025-09-19 18:48:50,391,6.706573201063367,56,True,1.7749809997955053,12.489105468311134
2025-09-19 18:48:56,392,9.5734309422282,65,True,1.6190661056102267,19.109254110277995
2025-09-19 18:49:02,393,6.837513684042454,71,True,1.8471465484147493,14.47449764557433
2025-09-19 18:49:08,394,8.369097589731414,75,True,1.5688930408480963,17.325418293126447
2025-09-19 18:49:11,395,5.620150409706151,37,True,1.9501095707440628,10.06857458802191
2025-09-19 18:49:16,396,9.836956704591156,62,True,1.5485373097202149,18.08813144157967
2025-09-19 18:49:21,397,6.795293971073571,55,True,1.7387024080627793,13.086863796315518
2025-09-19 18:49:25,398,9.187110346383914,48,True,1.4098535264077283,15.97914319194634
2025-09-19 18:49:30,399,7.848478203244276,57,True,1.4618057665912891,14.46360060818086
2025-09-19 18:49:37,400,7.344568624281122,83,True,1.7796461168601403,17.510761950539102
2025-09-19 18:49:40,401,6.906589685325417,39,True,1.9608159012804534,12.241638515503563
2025-09-19 18:49:47,402,7.661655129952026,76,True,1.696005541904811,17.04938640514608
2025-09-19 18:49:52,403,10.120268669505437,61,True,1.8715844279999696,19.218331705248314
2025-09-19 18:50:00,404,4.134494802349248,94,True,1.817903128102809,12.841959068860012
2025-09-19 18:50:04,405,7.317391872960162,52,True,1.9793295845008876,14.082673704386536
2025-09-19 18:50:07,406,8.720524236014956,37,True,1.807464129260497,14.892350539027914
2025-09-19 18:50:12,407,6.57540220045281,56,True,1.969783440790636,13.12780500315699
2025-09-19 18:50:19,408,8.26949484109252,84,True,1.8762669480624947,18.16378683706743
2025-09-19 18:50:24,409,7.303217005296641,59,True,1.9748369591901864,14.478054659279154
2025-09-19 18:50:29,410,9.48751116183973,57,True,1.7480023880793563,17.2448181395135
2025-09-19 18:50:34,411,5.200025800616931,54,True,1.6875305430412244,10.954960611661232
2025-09-19 18:50:39,412,8.944681556451368,65,True,1.898025160282384,18.543508350995246
2025-09-19 18:50:44,413,4.9908782931641715,59,True,1.8576126118753697,11.03624732616961
2025-09-19 18:50:48,414,9.293229078512194,50,True,1.8443721412088507,16.797743719598177
2025-09-19 18:50:56,415,5.611374920372173,88,True,1.4442021347952714,14.120990781184508
2025-09-19 18:51:00,416,7.491050005401891,55,True,1.6617485151644968,14.605048730183155
2025-09-19 18:51:04,417,6.584871160519232,36,True,1.7275008919274089,10.780704639097896
2025-09-19 18:51:06,418,6.642931505400731,28,True,1.6915527978346436,10.651221891436856
2025-09-19 18:51:09,419,9.49912762393124,36,True,1.7815953715322514,16.220334534938015
2025-09-19 18:51:14,420,6.262250733289897,63,True,1.6718979637411449,13.009047839959049
2025-09-19 18:51:18,421,9.974944460100307,46,True,1.8732218547476045,17.66662531770176
2025-09-19 18:51:21,422,8.020962869765945,37,True,1.7142719531193353,13.366220593696564
2025-09-19 18:51:25,423,6.102128925553027,45,True,1.9940032141712372,11.464703692415108
2025-09-19 18:51:32,424,9.444051455835552,86,True,1.835275065251222,19.851493299166183
2025-09-19 18:51:36,425,8.702616480220144,40,True,1.9888613227260419,15.244919766633231
2025-09-19 18:51:41,426,5.617455497856582,67,True,1.6545030946269137,13.33686886347553
2025-09-19 18:51:47,427,5.908375612205547,65,True,1.953614106019717,13.101006541145585
2025-09-19 18:51:52,428,8.915479644506028,62,True,1.7281500453550644,17.05754021283726
2025-09-19 18:51:58,429,6.392560722302013,66,True,1.5734277959455134,13.780279145084283
2025-09-19 18:52:03,430,4.557613008581268,65,True,1.9292106414175036,10.516601530114771
2025-09-19 18:52:09,431,6.695090123376121,66,True,1.8594492466744905,14.235569057849698
2025-09-19 18:52:14,432,6.186992184151244,66,True,1.9341808266562157,12.947501386570195
2025-09-19 18:52:17,433,6.379641973995785,25,True,1.739243832760531,10.14163155712375
2025-09-19 18:52:22,434,9.924562458671023,65,True,1.985172974721242,19.05820809262196
2025-09-19 18:52:25,435,8.29836763161877,32,True,1.6448343631546467,13.515186510573058
2025-09-19 18:52:28,436,8.180908140280414,43,True,1.6313986407919152,14.220436713156111
2025-09-19 18:52:32,437,6.84206860656816,38,True,1.7779788010384492,11.85972479015892
2025-09-19 18:52:35,438,8.965457016924418,41,True,1.897864538745349,15.971940196660762
2025-09-19 18:52:41,439,5.708060905952975,74,True,1.6511807282015927,13.727450009605295
2025-09-19 18:52:46,440,9.76994127754909,54,True,1.6320097311097095,18.00664044411535
2025-09-19 18:52:49,441,8.004528567247274,30,True,1.5719664260048567,13.122205256893082
2025-09-19 18:52:54,442,4.149562249757664,71,True,1.969780863108946,10.821772901465035
2025-09-19 18:52:58,443,7.922476877419039,41,True,1.9323319865144637,13.403523133090173
2025-09-19 18:53:05,444,8.34692337845695,79,True,1.7521838075278577,18.710980615885582
2025-09-19 18:53:09,445,8.324669497244585,55,True,1.741591358432639,16.330448241310897
2025-09-19 18:53:13,446,7.379473232291334,44,True,1.6991023242867869,13.271085959026836
2025-09-19 18:53:19,447,4.862696069221249,74,True,1.7711529783545006,11.69860297843932
2025-09-19 18:53:25,448,6.597524847221431,75,True,1.9115915798553718,15.12985422214462
2025-09-19 18:53:28,449,6.539377600262652,35,True,1.6838472306640362,10.559317249878307
2025-09-19 18:53:33,450,6.451995678534986,55,True,1.6928051777374329,12.88635117409366
2025-09-19 18:53:37,451,8.614191422369343,49,True,1.3883338983448106,15.461500398722078
2025-09-19 18:53:43,452,5.775093364132019,74,True,1.7266112958109707,13.569961812188547
2025-09-19 18:53:48,453,10.126755890894927,53,True,1.91942083291371,18.10412347257398
2025-09-19 18:53:51,454,6.737189470618911,40,True,1.7917316661065052,11.263291283163042
2025-09-19 18:53:59,455,7.974501615515454,88,True,1.9627870476397462,18.130413586264815
2025-09-19 18:54:03,456,7.878444692475226,56,True,1.948025382205409,14.783790835328972
2025-09-19 18:54:09,457,9.583866251224112,70,True,1.997193664888378,19.67729118691952
2025-09-19 18:54:14,458,7.507131296982852,57,True,1.669886267119197,14.291593171640505
2025-09-19 18:54:19,459,6.9079619037682605,55,True,1.742974040053637,13.949882546358221
2025-09-19 18:54:24,460,8.917204322502798,58,True,1.9761796019005584,16.79412411495412
2025-09-19 18:54:28,461,9.319321191047216,57,True,1.9691650769282907,18.309202935067535
2025-09-19 18:54:32,462,8.170934192306255,43,True,1.8897207547122896,13.912255668746184
2025-09-19 18:54:36,463,10.192926220409662,52,True,1.743209864223822,18.003781564052762
2025-09-19 18:54:40,464,7.127975787585662,38,True,1.8839549683673198,11.66455465053771
2025-09-19 18:54:46,465,7.5476904450470075,74,True,1.8705361922526371,16.32924689534951
2025-09-19 18:54:50,466,7.089748764408916,45,True,1.7230149939115529,12.721539592889439
2025-09-19 18:54:54,467,10.677756140846823,45,True,1.6961072708983773,19.473573384034783
2025-09-19 18:54:59,468,7.781913191069291,65,True,1.787905041707282,16.30894452749273
2025-09-19 18:55:03,469,7.053792421306795,43,True,1.6121321852240587,12.731519962567544
2025-09-19 18:55:07,470,8.4862600621112,43,True,1.4096491819292627,14.701165575993649
2025-09-19 18:55:11,471,11.30340793929531,48,True,1.9685677406798991,19.78146910814721
2025-09-19 18:55:13,472,6.863608439196092,31,True,1.9192550628813083,11.18196013373749
2025-09-19 18:55:17,473,5.772497291794325,48,True,1.8703086520116723,11.206819346378277
2025-09-19 18:55:23,474,9.124000165628924,64,True,1.8873545180612845,17.121065405747053
2025-09-19 18:55:30,475,7.5626872951370165,84,True,1.9194027601122892,17.699670866204
2025-09-19 18:55:33,476,7.186051458235864,31,True,1.870846779450752,11.949425045052582
2025-09-19 18:55:36,477,9.941347156408323,43,True,1.8738750129177661,17.591544667275507
2025-09-19 18:55:39,478,6.203899715610475,37,True,1.6586242943345553,10.420041158876142
2025-09-19 18:55:42,479,6.866216900042794,25,True,1.9680299444770246,11.042184052128098
2025-09-19 18:55:46,480,6.124641846387929,56,True,1.6957530603300897,12.069414930778807
2025-09-19 18:55:50,481,7.217412742262279,48,True,1.8052807220818448,13.643374024342492
2025-09-19 18:55:55,482,9.611146634386756,61,True,1.8333174356073325,18.612571887512427
2025-09-19 18:56:01,483,5.006274946404238,66,True,1.8705752758199357,11.931780192751008
2025-09-19 18:56:06,484,8.297709823787153,58,True,1.7943307969987872,16.08799754462171
2025-09-19 18:56:09,485,7.4788040234810795,35,True,1.8640486143071493,12.812037456952396
2025-09-19 18:56:12,486,7.383703997605241,29,True,1.5594577122057351,12.162397238952815
2025-09-19 18:56:17,487,6.222358773268842,60,True,1.9759485923343203,12.721259452018144
2025-09-19 18:56:21,488,9.21216402798467,46,True,1.689993309186148,16.320855364905796
2025-09-19 18:56:23,489,7.296791012840961,32,True,1.9363089257212207,11.862304646494437
2025-09-19 18:56:29,490,7.969706298848961,72,True,1.856143510771085,17.41779877214279
2025-09-19 18:56:35,491,5.97029991244382,67,True,1.9416160556434738,13.619862876958855
2025-09-19 18:56:41,492,7.470189173851149,72,True,1.790479744110724,15.23837485600207
2025-09-19 18:56:47,493,8.973019641487832,66,True,1.6349995796874242,17.7866147295707
2025-09-19 18:56:49,494,8.64460066978382,35,True,1.73284298264282,14.53619676298288
2025-09-19 18:56:52,495,6.683696898528983,23,True,1.622231401485906,10.008577698412257
2025-09-19 18:56:57,496,9.769204833118504,59,True,1.8583960189787903,18.628105959206806
2025-09-19 18:57:02,497,8.167616460857976,71,True,1.5112085680046294,16.347453507671002
2025-09-19 18:57:08,498,5.499806399561038,61,True,1.801206590806386,11.543365008311744
2025-09-19 18:57:13,499,9.678843146043935,66,True,1.7244721395385787,19.466509221256572
2025-09-19 18:57:21,500,16.296357194572487,91,True,1.9076994622452028,31.47383240080895
2025-09-19 18:57:32,501,11.674188558889592,134,True,1.77108224901059,29.432618070974307
2025-09-19 18:57:41,502,13.925466052617507,104,True,1.9213722554786774,28.996633523096108
2025-09-19 18:57:47,503,13.795323278634028,73,True,1.927550808147871,25.85948322409561
2025-09-19 18:57:54,504,16.26323608227934,81,True,1.964654715276033,31.498090144980328
2025-09-19 18:58:00,505,11.474639990694358,75,True,1.61627843045521,22.603395009614257
2025-09-19 18:58:10,506,11.214162527881605,116,True,1.648509194451102,25.38968237132421
2025-09-19 18:58:15,507,12.012606913485461,59,True,1.8551586054904168,22.370122123792537
2025-09-19 18:58:21,508,12.628506690486768,83,True,1.8320029615297515,24.720437971084927
2025-09-19 18:58:28,509,10.93980798293167,76,True,1.760887289257871,21.53410164159684
2025-09-19 18:58:39,510,14.81413754418271,128,True,1.9623576644913645,30.420805977499878
2025-09-19 18:58:49,511,14.836345738963905,126,True,1.4320069088002814,31.93927030868064
2025-09-19 18:59:08,512,8.332058748684716,227,True,1.9113403974685728,25.14339629218832
2025-09-19 18:59:20,513,12.575872212758926,151,True,1.8976993552452661,31.114851878390734
2025-09-19 18:59:29,514,9.516918662225219,103,True,1.6449352700791633,22.587931922323925
2025-09-19 18:59:37,515,11.665229226347824,95,True,1.9905539365381164,24.176139268913808
2025-09-19 18:59:44,516,17.467530278577108,90,True,1.9392958040714607,33.858668807179754
2025-09-19 18:59:51,517,13.307296423876407,85,True,1.9497689529683313,26.10400998791103
2025-09-19 19:00:00,518,14.792808444350912,107,True,1.952098335742598,31.279395762754746
2025-09-19 19:00:07,519,15.960601974284076,83,True,1.7891004436323223,30.628368906804518
2025-09-19 19:00:13,520,14.841145082291758,69,True,1.7444427943445673,28.31544814257358
2025-09-19 19:00:25,521,14.53427142593533,144,True,1.9301009985465991,34.731879175211894
2025-09-19 19:00:33,522,16.690345586593367,100,True,1.9440720403525893,34.29721143471546
2025-09-19 19:00:40,523,12.154822929986194,78,True,1.679771645396708,23.898784383591625
2025-09-19 19:00:51,524,14.457998866121304,128,True,1.800890176128916,33.386114782292545
2025-09-19 19:01:02,525,14.98644706077637,141,True,1.7834003726522722,34.459141498609
2025-09-19 19:01:10,526,14.978501757905999,89,True,1.6855300964755997,29.05378769583819
2025-09-19 19:01:18,527,8.585644691634679,94,True,1.742171498538404,20.874557106330354
2025-09-19 19:01:25,528,13.497974282638552,83,True,1.9667436639808504,27.67424709452519
2025-09-19 19:01:30,529,12.895959633111504,68,True,1.8835346313264574,24.257886544369235
2025-09-19 19:01:38,530,11.23719574512889,95,True,1.5857329947400869,25.059837156020656
2025-09-19 19:01:48,531,13.322172424909084,119,True,1.7392695214258957,29.586116476478466
2025-09-19 19:01:58,532,14.571131386167623,118,True,1.5568781884852014,31.86851171638749
2025-09-19 19:02:08,533,14.048766693523442,124,True,1.7961745580152442,31.83921007647763
2025-09-19 19:02:17,534,11.465157096095412,98,True,1.8163408542612112,25.54436100141542
2025-09-19 19:02:22,535,13.090070090932155,70,True,1.4789405817800891,24.4641129416072
2025-09-19 19:02:32,536,10.87657269478662,114,True,1.9633414734102463,26.429453717879507
2025-09-19 19:02:39,537,8.822875083637033,83,True,1.8153859839621085,20.075560816695287
2025-09-19 19:02:45,538,13.730568615297766,76,True,1.3635318718637472,27.35664691386876
2025-09-19 19:02:57,539,12.949718462515088,141,True,1.8567431222828188,30.390685182568614
2025-09-19 19:03:04,540,16.792678264855,85,True,1.783192402630207,32.878288201709886
2025-09-19 19:03:10,541,10.096811575026829,69,True,1.8641388066323905,20.66396259942141
2025-09-19 19:03:16,542,12.309921795303095,69,True,1.8598043603616106,23.61531750591231
2025-09-19 19:03:23,543,14.317822524611248,92,True,1.9418454192465595,27.710201620917328
2025-09-19 19:03:29,544,11.871245238650173,59,True,1.589705142312135,22.332631039666722
2025-09-19 19:03:36,545,10.905088593546642,93,True,1.8330455618873154,23.43062125297456
2025-09-19 19:03:44,546,13.837790278530239,94,True,1.9130629995433908,28.848685105250755
2025-09-19 19:03:55,547,13.603973218717298,130,True,1.7546067939709244,32.242855877753215
2025-09-19 19:04:01,548,10.973099827082692,64,True,1.625938677895601,21.486279746035773
2025-09-19 19:04:07,549,15.585078811890087,75,True,1.8717087700518178,29.694162110409742
2025-09-19 19:04:15,550,9.578718841783207,93,True,1.9466396578597769,21.649226172424036
2025-09-19 19:04:21,551,9.122860080678844,80,True,1.5758939927244424,20.155203396726744
2025-09-19 19:04:31,552,17.048436198401944,113,True,1.6510866429768656,34.55624230383452
2025-09-19 19:04:37,553,14.058419426569516,72,True,1.8236590624319249,26.468961602505807
2025-09-19 19:04:43,554,11.012051009033899,67,True,1.6498490722921808,21.720773702001082
2025-09-19 19:04:48,555,13.13359739579193,64,True,1.9915028928735896,24.47131913685458
2025-09-19 19:04:54,556,12.656726086851535,67,True,1.525317080501185,24.261309843968895
2025-09-19 19:05:03,557,14.92118083461817,116,True,1.8856779746285663,32.00341585604219
2025-09-19 19:05:15,558,14.942330700902632,143,True,1.6316697062386876,34.06634242062265
2025-09-19 19:05:23,559,13.2133824454471,95,True,1.8381221496374482,27.872063666796773
2025-09-19 19:05:31,560,14.371765102825712,92,True,1.8052474387759516,29.664761518649875
2025-09-19 19:05:37,561,10.7090115483233,71,True,1.7003031290642958,21.36097674674694
2025-09-19 19:05:47,562,16.751371174245236,123,True,1.5965963588268708,34.22794296222732
2025-09-19 19:05:54,563,15.017729901496047,71,True,1.8638991974706414,28.182757817134416
2025-09-19 19:06:03,564,15.145624798560423,114,True,1.637918035324092,32.45450220119121
2025-09-19 19:06:09,565,11.90457447964877,72,True,1.9084300586220422,23.116291630980175
2025-09-19 19:06:15,566,10.821204280057412,72,True,1.493961331413132,21.757897814312102
2025-09-19 19:06:24,567,13.50598325263043,109,True,1.881006226126692,29.579275568586556
2025-09-19 19:06:31,568,13.823806359354878,85,True,1.957972673662321,26.92772825192613
2025-09-19 19:06:37,569,12.286742239614902,72,True,1.9250432101176493,24.201434914926537
2025-09-19 19:06:42,570,11.931281245457361,57,True,1.781342176788929,21.844640439269202
2025-09-19 19:06:52,571,13.015358838497974,120,True,1.8764307513083425,29.658134862060322
2025-09-19 19:07:01,572,15.366370543684036,105,True,1.4912155745848004,30.450316642265637
2025-09-19 19:07:08,573,12.131973250850317,81,True,1.6983762746558326,24.358729832042997
2025-09-19 19:07:15,574,14.443825477232625,82,True,1.5010221437584983,27.855122591488886
2025-09-19 19:07:25,575,14.314854910588458,119,True,1.778270661295894,32.27931227930445
2025-09-19 19:07:34,576,16.72142607039622,108,True,1.8889931115184349,34.59551456130307
2025-09-19 19:07:45,577,13.248613249440224,136,True,1.8300436065662782,31.778685795227208
2025-09-19 19:07:54,578,13.035733922123576,112,True,1.7773934597029144,29.839828212336197
2025-09-19 19:08:00,579,12.2339148671579,68,True,1.8398615764586324,24.116458766671258
2025-09-19 19:08:05,580,12.235867746799464,64,True,1.7163923890502462,22.674066509203737
2025-09-19 19:08:12,581,16.085759323171324,79,True,1.9939641077930608,31.18767353372455
2025-09-19 19:08:19,582,9.789735159568728,76,True,1.627669215811113,20.501435077903647
2025-09-19 19:08:26,583,13.671609275950749,82,True,1.9998915797476338,25.84498422535486
2025-09-19 19:08:36,584,15.860045678086914,127,True,1.9339643913630158,34.14354146074067
2025-09-19 19:08:46,585,13.448958067883037,119,True,1.8860007603975897,30.14567610239282
2025-09-19 19:08:55,586,15.53428726565237,110,True,1.7648809701920602,32.980441059980215
2025-09-19 19:09:04,587,15.82021526931297,100,True,1.803535705149801,32.35101251584777
2025-09-19 19:09:13,588,15.572916612222803,115,True,1.8681958965332215,33.89627641877475
2025-09-19 19:09:21,589,15.562453651768426,93,True,1.910781316620316,31.44813398648241
2025-09-19 19:09:26,590,11.505729694547265,56,True,1.9465218199204501,20.956277437055547
2025-09-19 19:09:36,591,16.624376687708043,122,True,1.8558239948455628,34.717996839094596
2025-09-19 19:09:40,592,12.004974788793342,53,True,1.98809233798232,22.542650434744797
2025-09-19 19:09:49,593,15.600777973898284,97,True,1.8829207304800644,32.316611419825875
2025-09-19 19:09:55,594,12.497301085904946,76,True,1.6947913344473178,24.380611136243694
2025-09-19 19:10:05,595,9.520768781419346,124,True,1.6979029891152297,23.509432827379843
2025-09-19 19:10:15,596,16.091677750978867,110,True,1.9623575475421526,33.594276501666535
2025-09-19 19:10:26,597,16.624308184258275,139,True,1.8641209367520863,34.84104215696187
2025-09-19 19:10:36,598,13.94341929891026,114,True,1.271821783631774,30.342337083651366
2025-09-19 19:10:45,599,13.452871857428581,118,True,1.870413001657627,28.73887860500905
2025-09-19 19:10:59,600,11.909676057349095,165,True,1.891376199828777,31.237884015256117
2025-09-19 19:11:08,601,16.306932453147006,105,True,1.94198683406945,32.400528064976356
2025-09-19 19:11:16,602,17.377020612723985,102,True,1.9087886207990539,34.094252397691605
2025-09-19 19:11:24,603,12.647562349511512,89,True,1.5986083828211777,25.335263928708933
2025-09-19 19:11:33,604,14.752947473273835,112,True,1.770302854826008,31.34349886162687
2025-09-19 19:11:39,605,13.850463026828956,78,True,1.7878324183231868,27.23915945767106
2025-09-19 19:11:47,606,12.745729610796557,90,True,1.80582790325508,26.929667983081757
2025-09-19 19:11:55,607,9.160106181234923,92,True,1.7605877941854284,20.37392056808466
2025-09-19 19:12:00,608,11.299126818921147,62,True,1.961744142956567,21.979767363150128
2025-09-19 19:12:07,609,15.599868992391658,81,True,1.9578417472694913,30.40872486645343
2025-09-19 19:12:15,610,16.22496084540861,100,True,1.7013762086357025,33.14909933718973
2025-09-19 19:12:23,611,14.073662447800235,94,True,1.972059597459238,29.132352573693485
2025-09-19 19:12:33,612,15.348351580285263,119,True,1.817089506884297,33.884760437295604
2025-09-19 19:12:44,613,10.480879962308952,127,True,1.8774038976169227,25.654625748134293
2025-09-19 19:12:49,614,11.874204831481437,65,True,1.8925333268163742,23.170135531342602
2025-09-19 19:12:57,615,17.260015572487937,90,True,1.7605122131566864,33.24764068819849
2025-09-19 19:13:08,616,14.360373819835544,132,True,1.7251058131146342,33.689267458555996
2025-09-19 19:13:17,617,17.282957144462554,104,True,1.922440367852314,34.87473067149245
2025-09-19 19:13:31,618,14.240690848367928,178,True,1.6648612044541915,32.495939157809296
2025-09-19 19:13:41,619,13.663457768582262,117,True,1.8641743441366392,27.83607510308278
2025-09-19 19:13:57,620,12.947280882047668,203,True,1.810482164442383,30.677130293119305
2025-09-19 19:14:18,621,6.619802714325632,254,True,1.8839219138571959,23.38413444821951
2025-09-19 19:14:30,622,7.340086336529218,142,True,1.9690268064854564,20.33272790364321
2025-09-19 19:14:42,623,12.878195235808477,141,True,1.8655922771321296,27.5599289348007
2025-09-19 19:14:52,624,10.458350029738996,128,True,1.7635529377116095,22.88804831604782
2025-09-19 19:15:10,625,11.68901824040887,223,True,1.7563166696384989,32.85610450086784
2025-09-19 19:15:21,626,10.942048449497538,128,True,1.7820532424239544,22.435769673567687
2025-09-19 19:15:40,627,9.153934930286622,231,True,1.9289026041712738,22.933895377239864
2025-09-19 19:15:52,628,16.152115349396748,154,True,1.9636328489690478,34.655770347179164
2025-09-19 19:16:04,629,12.97670670312035,138,True,1.8655020972119067,28.3139353376833
2025-09-19 19:16:18,630,14.644584570332203,164,True,1.8128906472164183,32.014787321006644
2025-09-19 19:16:33,631,12.223387327418939,183,True,1.6775024808495629,27.458174317361642
2025-09-19 19:16:53,632,9.693214512835892,250,True,1.9811856541582815,31.318439455300464
2025-09-19 19:17:09,633,12.462842618041632,195,True,1.8909945136255686,28.26757330363445
2025-09-19 19:17:24,634,10.228144603998675,182,True,1.9347323211470846,24.332198243450403
2025-09-19 19:17:54,635,-5.530225639649086,371,False,6.433199829880593,26.72157604273585
2025-09-19 19:18:17,636,6.9361550288189955,283,True,1.6945283366122414,31.3532639168757
2025-09-19 19:18:30,637,8.936659347990442,164,True,1.8840655296313786,25.14389486974117
2025-09-19 19:18:49,638,14.198654094696781,226,True,1.8482437083343002,33.89463406719188
2025-09-19 19:19:01,639,12.121159331815935,153,True,1.8342609521097801,29.238324306520834
2025-09-19 19:19:14,640,11.712996251646253,152,True,1.9725879411630263,27.716233277552274
2025-09-19 19:19:29,641,14.985511560534068,183,True,1.5201897028300553,33.720843829256836
2025-09-19 19:19:44,642,14.358402474293566,186,True,1.8633430756328397,33.809621671642006
2025-09-19 19:20:14,643,-12.319746558971183,370,False,10.292416089839058,20.656397854042847
2025-09-19 19:20:30,644,13.639533985403007,199,True,1.6196192969570185,32.426691571509224
2025-09-19 19:21:01,645,0.2533265135118574,368,False,4.403223108659982,34.42549216372807
2025-09-19 19:21:12,646,10.003614058755623,141,True,1.9245199510894888,25.154718024494223
2025-09-19 19:21:25,647,8.891480682642364,160,True,1.5884699810209049,24.284655152865046
2025-09-19 19:21:38,648,7.829325785122946,161,True,1.7424659713340664,22.21565722429422
2025-09-19 19:22:08,649,-2.4244190894907303,368,False,6.160009906152106,31.832905326573083
2025-09-19 19:22:18,650,14.34229891331941,119,True,1.9244427149187617,28.58479743520976
2025-09-19 19:22:28,651,10.96437048214483,117,True,1.931644006181731,22.827845237649747
2025-09-19 19:22:41,652,11.365657262877095,166,True,1.7541355682571873,28.935844012975185
2025-09-19 19:22:53,653,10.646512990810423,134,True,1.4923988221757571,24.82144866989927
2025-09-19 19:23:23,654,-0.9731874305133281,368,False,5.676718551767884,33.19683333165234
2025-09-19 19:23:34,655,9.18776068055158,136,True,1.3950344118207838,21.432929803649444
2025-09-19 19:24:04,656,-6.617762980301424,368,False,5.664238788511446,24.73851292519291
2025-09-19 19:24:17,657,13.169386038822923,158,True,1.988191334529673,30.34288419174787
2025-09-19 19:24:30,658,10.345865694962118,156,True,1.9420114534827155,25.194376669371326
2025-09-19 19:24:43,659,9.367941004010468,159,True,1.931973851780674,23.310005913467382
2025-09-19 19:25:13,660,0.2229305516001401,370,False,4.127874135918859,32.134217778426176
2025-09-19 19:25:43,661,-3.272280722833469,366,False,3.0958269268066068,28.90420292589195
2025-09-19 19:25:56,662,9.957451013875094,157,True,1.962792766791035,25.436490575525376
2025-09-19 19:26:10,663,14.238994290629638,174,True,1.9252890012786468,32.98839607730121
2025-09-19 19:26:19,664,14.00843961012707,101,True,1.9111840502859483,27.847841965897665
2025-09-19 19:26:32,665,15.986833156196266,160,True,1.6691470613702954,33.97845323179913
2025-09-19 19:26:48,666,12.161863275932182,196,True,1.6887255850457936,30.767821843575256
2025-09-19 19:27:02,667,12.18633876908163,167,True,1.8802606697688649,30.149329933800544
2025-09-19 19:27:18,668,10.807707058972074,203,True,1.790821292874497,30.328675056455797
2025-09-19 19:27:29,669,13.714031633037619,138,True,1.9778054918210632,30.51633852843823
2025-09-19 19:27:40,670,7.205721611021542,134,True,1.868454520112541,20.719707650108987
2025-09-19 19:27:56,671,13.581042504209908,193,True,1.8385967084140598,31.57849587522141
2025-09-19 19:28:10,672,11.264782223320685,166,True,1.9403132883910663,28.00526943607153
2025-09-19 19:28:19,673,9.457845421065066,115,True,1.7617355793302414,21.09886804351114
2025-09-19 19:28:32,674,10.479293269027695,157,True,1.7721058632204523,26.453015125910117
2025-09-19 19:28:42,675,13.345157085128458,118,True,1.9010533693452747,28.546303324791186
2025-09-19 19:28:54,676,9.84649518501047,153,True,1.7250022176105566,26.648934664643512
2025-09-19 19:29:06,677,12.140138287823397,136,True,1.924846313398398,27.21392908834572
2025-09-19 19:29:18,678,14.459671203097123,144,True,1.9882900511017174,32.65642151538928
2025-09-19 19:29:29,679,13.179487751742938,140,True,1.9713436500697012,29.620078179563958
2025-09-19 19:29:38,680,12.8727665164271,103,True,1.6636727403967193,25.707923626158657
2025-09-19 19:29:46,681,11.628215054550484,101,True,1.9314786043297942,22.941249871769397
2025-09-19 19:29:59,682,13.37001796387955,152,True,1.6178856086589248,28.89255466033887
2025-09-19 19:30:08,683,12.654650689146425,112,True,1.8076654341799945,27.961984614530788
2025-09-19 19:30:26,684,10.485757277172715,217,True,1.9632686007953375,30.39855517741482
2025-09-19 19:30:38,685,11.922051222489715,150,True,1.9415594407064882,28.892978365521888
2025-09-19 19:30:52,686,11.49153048293795,170,True,1.9923911339857556,27.78743452370225
2025-09-19 19:31:07,687,12.612044074685915,185,True,1.899940067820723,30.635577079307396
2025-09-19 19:31:21,688,13.551022587488378,168,True,1.5964760664161954,32.15984713225201
2025-09-19 19:31:51,689,-5.8189078574465585,368,False,8.529946198361941,30.850748674607058
2025-09-19 19:32:04,690,12.81634496902478,159,True,1.7156779341401305,28.3100872827367
2025-09-19 19:32:34,691,-5.6829493266702,367,False,5.1652351528500855,26.48897579641979
2025-09-19 19:33:04,692,-5.314698417001065,367,False,7.632998915679475,29.645079015494563
2025-09-19 19:33:13,693,13.709277063050667,112,True,1.5171983068697945,28.79809122091844
2025-09-19 19:33:24,694,11.076464778305,126,True,1.7928818128596187,24.784695506347376
2025-09-19 19:33:32,695,12.801531871404485,97,True,1.7475026459819634,25.061987077176052
2025-09-19 19:33:39,696,16.130305549002063,87,True,1.6126349064963148,32.1202496798551
2025-09-19 19:33:48,697,13.28093990078746,106,True,1.8818878647461024,26.96118331431275
2025-09-19 19:33:59,698,14.283436076420134,135,True,1.8942996325184123,31.843217016604022
2025-09-19 19:34:09,699,12.348336971172218,123,True,1.9824414247077704,28.437529444799186
2025-09-19 19:34:21,700,12.271581919034196,147,True,1.760952207793172,29.74821090788202
2025-09-19 19:34:27,701,11.80395945410708,75,True,1.5479109244535654,22.482935900372976
2025-09-19 19:34:37,702,16.59659222309601,119,True,1.886203115957333,34.126470404488224
2025-09-19 19:34:46,703,15.954890432965131,111,True,1.8328437853600152,32.67365088944682
2025-09-19 19:34:58,704,13.9618466552373,138,True,1.9120950463435766,28.762075440996206
2025-09-19 19:35:13,705,9.409279935100807,180,True,1.9340398495317204,28.06480573904034
2025-09-19 19:35:20,706,11.175629942697224,89,True,1.8456267600546812,21.65831633807304
2025-09-19 19:35:30,707,10.618338664489704,122,True,1.951688320185039,23.403219781535633
2025-09-19 19:35:42,708,15.798956988593398,142,True,1.9109055182103871,33.67374152230793
2025-09-19 19:35:51,709,10.695043143901785,109,True,1.5500706780126778,23.909165955127836
2025-09-19 19:35:59,710,14.537506220135123,101,True,1.9541036551300286,29.595635334699175
2025-09-19 19:36:13,711,10.857084720389201,170,True,1.8149524954356167,29.092737965493487
2025-09-19 19:36:26,712,14.740617439053013,153,True,1.7829273512023167,33.867537255590086
2025-09-19 19:36:32,713,13.60469001661869,74,True,1.6454900437923523,25.975630124734174
2025-09-19 19:36:44,714,10.666187352228198,149,True,1.8537538445719726,27.891625936393645
2025-09-19 19:36:51,715,13.254796234269909,77,True,1.8124252685639175,25.243704979800125
2025-09-19 19:37:02,716,14.580716940867628,139,True,1.9675939465836656,33.24116975931257
2025-09-19 19:37:11,717,15.75913341704453,100,True,1.609979090544541,30.428392534823324
2025-09-19 19:37:21,718,9.166390495952612,123,True,1.7274915021795352,21.70794456691157
2025-09-19 19:37:26,719,12.057730598033253,64,True,1.7113572022979588,22.202141943071148
2025-09-19 19:37:37,720,14.565648069056081,131,True,1.8939395598367943,30.904735522923776
2025-09-19 19:37:45,721,9.79193236891716,101,True,1.8569345559206656,20.943282424605254
2025-09-19 19:37:54,722,12.466604955776067,104,True,1.910430336969388,24.921155661048783
2025-09-19 19:38:04,723,11.799733576045357,121,True,1.7584547689822998,24.659469035254237
2025-09-19 19:38:19,724,8.719880655298455,188,True,1.9866382964371814,26.362360086405065
2025-09-19 19:38:27,725,13.280609772604404,96,True,1.8099115812208526,25.76304445430377
2025-09-19 19:38:40,726,10.647306117570842,158,True,1.653960637192115,28.16191027957154
2025-09-19 19:38:49,727,9.991918956555121,112,True,1.9932768570253598,22.684289954514462
2025-09-19 19:38:57,728,10.986746858213584,87,True,1.9113250746986796,21.972787002083393
2025-09-19 19:39:07,729,12.551482478984713,122,True,1.6445594825409986,26.704315998692604
2025-09-19 19:39:13,730,12.25770335381731,81,True,1.4914623645582588,23.12922515099214
2025-09-19 19:39:24,731,11.338168171251032,134,True,1.837674432895187,27.16016232535253
2025-09-19 19:39:34,732,9.972148297804916,119,True,1.9366258542865014,20.985298204249162
2025-09-19 19:39:47,733,14.325112695094404,155,True,1.7234783414369272,34.633040701407246
2025-09-19 19:39:56,734,11.24051726611475,116,True,1.9575594910283676,23.02092157483104
2025-09-19 19:40:08,735,12.584380868870769,143,True,1.7107916369208391,30.94684762637376
2025-09-19 19:40:23,736,11.27756438752779,183,True,1.6242481608885189,30.219794595612
2025-09-19 19:40:35,737,8.293048898795142,142,True,1.9279943310617014,21.521804529803482
2025-09-19 19:40:58,738,4.773790104789109,278,True,1.8962917722695367,27.729951994417107
2025-09-19 19:41:07,739,14.071154448697602,107,True,1.8945995241238298,28.56682833750679
2025-09-19 19:41:17,740,14.469566217349476,122,True,1.9613748170279848,29.275659620031483
2025-09-19 19:41:26,741,13.324558897286808,103,True,1.619133076327105,27.519437697149456
2025-09-19 19:41:37,742,14.635863000586506,139,True,1.6651774984925103,33.27863460390468
2025-09-19 19:41:45,743,9.754610043983172,87,True,1.6624923070866091,21.336506343359044
2025-09-19 19:41:53,744,11.724013672050633,104,True,1.7940845309045732,24.92341558378841
2025-09-19 19:42:01,745,14.309833726052366,88,True,1.8123860065036521,29.324096994367522
2025-09-19 19:42:10,746,15.35022028925355,111,True,1.6424232398447576,32.33383407553798
2025-09-19 19:42:17,747,13.215382756442919,82,True,1.9110432240475301,26.607966560806798
2025-09-19 19:42:26,748,12.033629653888426,112,True,1.7883784909738454,27.430753949790162
2025-09-19 19:42:32,749,11.703226677421082,74,True,1.7691593063317548,23.11007445615027
2025-09-19 19:42:41,750,16.32499239515264,107,True,1.4985754041830508,34.14626643026407
2025-09-19 19:42:49,751,11.687259286894012,91,True,1.953450254466496,25.561888996194778
2025-09-19 19:42:57,752,16.356885618758334,97,True,1.9666871168886084,33.67053972396434
2025-09-19 19:43:06,753,9.936670843192006,101,True,1.6217122738258045,23.562503151066803
2025-09-19 19:43:10,754,11.513819195900897,52,True,1.3802262737667201,20.667689940582157
2025-09-19 19:43:14,755,12.301853210913185,49,True,1.9888093576800683,22.656033526740416
2025-09-19 19:43:21,756,12.370246778414339,74,True,1.833620924271525,24.740166045032257
2025-09-19 19:43:28,757,12.995423422483771,83,True,1.6766583291622164,26.81223136905437
2025-09-19 19:43:32,758,11.179579317185839,56,True,1.6976004358589325,21.001815150363463
2025-09-19 19:43:38,759,14.704987809954469,71,True,1.7642190096260468,28.800472781816744
2025-09-19 19:43:46,760,12.043059487599969,86,True,1.9280150692300644,24.890287281499837
2025-09-19 19:43:51,761,15.377249190353984,68,True,1.7243023474928632,29.751912979743064
2025-09-19 19:43:59,762,12.359074073700869,87,True,1.994407910127354,25.365924366084123
2025-09-19 19:44:08,763,15.64858723068386,106,True,1.8229798577548875,32.212458052403704
2025-09-19 19:44:15,764,9.382283050982112,87,True,1.8423109393296226,21.962291666638844
2025-09-19 19:44:24,765,15.948524692068007,108,True,1.7476611319870725,32.628816025653535
2025-09-19 19:44:33,766,16.530774789268207,108,True,1.3207989073180393,34.567780666272
2025-09-19 19:44:41,767,9.557608591965993,92,True,1.8282633713186462,20.347694229876243
2025-09-19 19:44:50,768,15.229844834638758,114,True,1.9925797307983948,32.320213429727694
2025-09-19 19:44:57,769,17.773691779596057,83,True,1.8230007274278617,34.628835218309376
2025-09-19 19:45:05,770,16.827118573152056,93,True,1.8867884150531975,34.312074687449304
2025-09-19 19:45:12,771,12.864454160414576,76,True,1.6803544459332829,24.146333183852658
2025-09-19 19:45:18,772,15.545200823549575,79,True,1.521788393132459,30.051019985139227
2025-09-19 19:45:24,773,16.449276775362215,73,True,1.36979476445109,31.046094885428378
2025-09-19 19:45:33,774,14.641181808172913,106,True,1.9472890816032833,31.63274343642921
2025-09-19 19:45:40,775,17.53577157864722,75,True,1.6863634535373642,33.333111493230085
2025-09-19 19:45:46,776,12.411113417822229,79,True,1.9101136095570075,25.363742112262642
2025-09-19 19:45:57,777,15.33117145344737,126,True,1.8867756107617506,33.52736642786251
2025-09-19 19:46:06,778,9.017702914160084,108,True,1.6156390417990956,22.227200138349758
2025-09-19 19:46:13,779,17.40320702277979,86,True,1.7469291737752135,34.44958211590912
2025-09-19 19:46:21,780,10.678616805673517,90,True,1.9951529128569052,23.488670460026356
2025-09-19 19:46:30,781,11.919890765601522,113,True,1.6610905245085237,26.861072960957145
2025-09-19 19:46:36,782,16.05898406208023,73,True,1.9733713749373498,30.6127476885438
2025-09-19 19:46:46,783,11.955145105784545,114,True,1.7962486614931708,27.155720559901123
2025-09-19 19:46:55,784,16.671378776191084,111,True,1.8259682211153208,34.698132104062
2025-09-19 19:47:02,785,14.573476898728398,87,True,1.913893465215077,29.274775712608875
2025-09-19 19:47:12,786,15.338105676323865,113,True,1.8656116347145304,33.49509992472056
2025-09-19 19:47:16,787,11.607509693286564,52,True,1.769720523016102,21.0661587153498
2025-09-19 19:47:23,788,11.210583693844947,80,True,1.9925964310770368,24.255960738384168
2025-09-19 19:47:28,789,12.112761778264677,58,True,1.514815370577679,22.596128244807495
2025-09-19 19:47:34,790,14.596642914147797,77,True,1.545473536957595,27.89186289744121
2025-09-19 19:47:43,791,14.639824079852689,109,True,1.6689072295758316,30.734695776555302
2025-09-19 19:47:49,792,15.451022352226587,74,True,1.8001786938553943,29.436890941526798
2025-09-19 19:47:57,793,11.444298461972757,90,True,1.9604486941330252,23.987356907981226
2025-09-19 19:48:02,794,11.965718684649719,63,True,1.972665021822005,23.53355922212913
2025-09-19 19:48:08,795,13.632012144405794,70,True,1.7312561940358675,26.293054369830173
2025-09-19 19:48:17,796,16.433022248201368,111,True,1.2940787728192704,34.5009787336993
2025-09-19 19:48:28,797,14.36354148825776,123,True,1.5945894026004128,32.20236418608424
2025-09-19 19:48:33,798,14.245500668978405,68,True,1.9618731774045821,27.265344441981963
2025-09-19 19:48:41,799,12.617466382389956,90,True,1.903076648688832,26.843154674610368
2025-09-19 19:48:50,800,16.17200651778912,102,True,1.4857800412995834,33.298650101025416
2025-09-19 19:48:59,801,10.07675280059625,108,True,1.814327500892146,24.23470121118012
2025-09-19 19:49:06,802,12.407892883420889,86,True,1.8106949936632382,25.803193329497358
2025-09-19 19:49:16,803,16.22391927484102,114,True,1.783425443056951,34.69658680744391
2025-09-19 19:49:22,804,14.152115044694618,81,True,1.63188490722688,27.014359674829226
2025-09-19 19:49:29,805,12.016421417565688,83,True,1.889015379197819,24.38346340590055
2025-09-19 19:49:35,806,15.545025421611557,67,True,1.8004189909146209,29.539571407860137
2025-09-19 19:49:39,807,11.359604168956091,46,True,1.643136461794654,20.41787596406953
2025-09-19 19:49:47,808,10.696954401913171,100,True,1.658808664995465,24.19345555871385
2025-09-19 19:49:54,809,16.762094825379673,77,True,1.6070331510418254,31.89275807823544
2025-09-19 19:50:02,810,17.130272352609495,101,True,1.2845736590791985,34.999540293311824
2025-09-19 19:50:07,811,12.14922230079127,59,True,1.9911261470872827,22.04180896534636
2025-09-19 19:50:13,812,12.391044130638983,68,True,1.748318588684369,23.761000994819497
2025-09-19 19:50:20,813,9.535301152214233,86,True,1.6482158635988222,20.548990134472188
2025-09-19 19:50:29,814,11.7424943738798,101,True,1.521650904022244,25.92325464957446
2025-09-19 19:50:35,815,13.342820935744548,75,True,1.9040350437320763,25.86865334630782
2025-09-19 19:50:41,816,10.728071180275002,75,True,1.7355269461228555,21.889058557466743
2025-09-19 19:50:50,817,11.503264055573247,96,True,1.8460017738710042,25.351135839307037
2025-09-19 19:50:57,818,12.279896245993935,85,True,1.9377679419849823,25.37446648064503
2025-09-19 19:51:03,819,11.713331344024008,79,True,1.7670526572326748,23.580661886978614
2025-09-19 19:51:08,820,12.281739638773567,53,True,1.9740927787072529,21.960936812668677
2025-09-19 19:51:12,821,12.055471882660791,55,True,1.826778760880026,22.06270072205821
2025-09-19 19:51:22,822,13.30523915444129,113,True,1.885469183282801,30.070929677217975
2025-09-19 19:51:30,823,17.207439339955364,97,True,1.6187245789976494,34.53272898718422
2025-09-19 19:51:35,824,14.047256054340298,61,True,1.7623989387807037,26.657038119895336
2025-09-19 19:51:42,825,16.145494074063734,79,True,1.8285023340474356,31.357770674204797
2025-09-19 19:51:51,826,13.42568702775142,106,True,1.8374840142114344,28.849942988117945
2025-09-19 19:51:58,827,13.306174372864849,83,True,1.5132393435158835,27.364285060352078
2025-09-19 19:52:04,828,9.658212026195146,76,True,1.7622869680144884,20.755649895964968
2025-09-19 19:52:10,829,10.515585708015928,63,True,1.9952449936227425,20.527251381135663
2025-09-19 19:52:17,830,14.372109636298287,89,True,1.7543423279728736,29.466086355315767
2025-09-19 19:52:24,831,15.36686253987658,78,True,1.9866241012852113,29.855723225458366
2025-09-19 19:52:30,832,17.002470798926993,78,True,1.7495818444441138,32.83711039092023
2025-09-19 19:52:38,833,12.966230427402763,90,True,1.8416506480836494,27.818134409637754
2025-09-19 19:52:44,834,12.108297501677415,71,True,1.9506169209895634,24.004824407677923
2025-09-19 19:52:51,835,11.661447862924291,85,True,1.8370072661410024,25.236280754091027
2025-09-19 19:52:56,836,14.222693192998891,61,True,1.829169724102398,26.254365889565157
2025-09-19 19:53:03,837,9.670611871036478,82,True,1.2822640117410713,20.71492005533557
2025-09-19 19:53:12,838,12.101005841392505,107,True,1.96594662593843,27.396700256449712
2025-09-19 19:53:19,839,15.294018256038903,83,True,1.6868229332090356,30.12900920452342
2025-09-19 19:53:24,840,12.37616311499998,57,True,1.6738765042979544,23.401654501049162
2025-09-19 19:53:31,841,17.548855563356625,90,True,1.6929382301070308,33.56182797023377
2025-09-19 19:53:40,842,14.652898216998087,105,True,1.8204453926516577,31.799486838945832
2025-09-19 19:53:51,843,13.934938820019138,124,True,1.9432310722408608,32.10872478976457
2025-09-19 19:53:59,844,16.943460765332453,95,True,1.9619683980733444,34.8344578966486
2025-09-19 19:54:06,845,14.570050241580923,85,True,1.812711520022823,29.37953272934735
2025-09-19 19:54:12,846,14.472004086692486,71,True,1.6249092003238468,27.27750967942462
2025-09-19 19:54:19,847,18.019401547605064,86,True,1.506533138391031,34.86717409084088
2025-09-19 19:54:27,848,13.435702058126784,94,True,1.8404249060991966,27.884985013235568
2025-09-19 19:54:36,849,12.08532372853487,104,True,1.8054537263732024,27.651946444672213
2025-09-19 19:54:45,850,10.58892360299895,107,True,1.9053698172584572,24.69755676564623
2025-09-19 19:54:51,851,10.957880957369781,68,True,1.5000729993726565,22.51388795606231
2025-09-19 19:54:59,852,13.63045510822172,94,True,1.9296054540617464,29.26833709555457
2025-09-19 19:55:05,853,10.169306604328899,79,True,1.9267425261495468,21.95303508000181
2025-09-19 19:55:10,854,14.403253390308763,55,True,1.805775960485034,26.604805650427238
2025-09-19 19:55:16,855,12.382452955811582,76,True,1.5536553566387736,25.512470294017067
2025-09-19 19:55:24,856,12.231913351512706,88,True,1.5884071748826316,26.042793543317035
2025-09-19 19:55:32,857,13.984810620004751,95,True,1.9423843633491007,29.31372772713994
2025-09-19 19:55:40,858,15.92631031385846,92,True,1.7981221543811698,32.27627978294036
2025-09-19 19:55:48,859,15.967879573674848,99,True,1.5123082509102286,31.72393584220437
2025-09-19 19:55:53,860,11.154962664837006,60,True,1.9440795997677711,21.49128283852729
2025-09-19 19:55:59,861,15.377232485779771,69,True,1.917089384800135,29.31817302090431
2025-09-19 19:56:05,862,16.282485927298808,75,True,1.5049020970415792,31.15535690969736
2025-09-19 19:56:13,863,16.21969641647908,91,True,1.2585683165444346,32.584595743122456
2025-09-19 19:56:19,864,14.171063957510597,72,True,1.4681052654457225,27.458444489416472
2025-09-19 19:56:24,865,13.349282249584501,64,True,1.9418165643759338,25.942871513756092
2025-09-19 19:56:35,866,11.255045485673474,128,True,1.6271022819877416,28.337023535382023
2025-09-19 19:56:41,867,12.965446759191797,71,True,1.5872965518893232,25.95979686099862
2025-09-19 19:56:46,868,12.256990585912334,64,True,1.9266771412310844,23.91783079423921
2025-09-19 19:56:52,869,13.29647696585368,66,True,1.788461793765633,26.024701911455406
2025-09-19 19:56:58,870,12.32936665876187,69,True,1.9618550816896,24.174567653108653
2025-09-19 19:57:07,871,16.225023985700062,107,True,1.749528266608267,34.691594072692425
2025-09-19 19:57:12,872,13.423959550725026,58,True,1.9933448054592549,25.136209653778167
2025-09-19 19:57:20,873,16.419272692873875,99,True,1.9138983123520419,34.0000613466242
2025-09-19 19:57:26,874,12.40988338320936,64,True,1.5611803462013834,23.496332032669265
2025-09-19 19:57:33,875,11.880157588064034,87,True,1.3639575110454016,25.35802308453974
2025-09-19 19:57:37,876,10.989934321979643,52,True,1.6745798893751123,20.432639867145415
2025-09-19 19:57:45,877,11.11129214502662,85,True,1.961076086148362,24.226110613515885
2025-09-19 19:57:51,878,12.697951671704281,78,True,1.8702061664354657,26.140076698203433
2025-09-19 19:57:56,879,10.951543606563718,51,True,1.9388655126416188,20.380867901598858
2025-09-19 19:58:01,880,16.176692501508512,66,True,1.7260782454653134,30.48990899765731
2025-09-19 19:58:08,881,12.057346722453174,79,True,1.6526881449235962,24.699625754521932
2025-09-19 19:58:16,882,13.508811172964645,101,True,1.8466651154334397,29.108641518988698
2025-09-19 19:58:25,883,13.590606463879517,103,True,1.7846508281618139,29.920595712163134
2025-09-19 19:58:33,884,16.633113008691467,96,True,1.883227585712875,33.65751168674836
2025-09-19 19:58:41,885,13.12726443203917,91,True,1.5779183437282103,27.592112930794528
2025-09-19 19:58:52,886,13.286520551201901,129,True,1.4770092723225214,31.687631820447
2025-09-19 19:59:01,887,16.015013618764797,117,True,1.8853407762150287,34.93868703391688
2025-09-19 19:59:09,888,9.232080252395683,86,True,1.7919334631122572,20.620067993392247
2025-09-19 19:59:13,889,11.466361343978754,47,True,1.6061050434387876,20.43873840974098
2025-09-19 19:59:20,890,10.029447550345012,79,True,1.8687518672951509,20.922323026393183
2025-09-19 19:59:28,891,15.75945661248913,99,True,1.842576202211804,32.09559994347055
2025-09-19 19:59:34,892,17.006310880208424,72,True,1.6806881722875864,32.59364611291439
2025-09-19 19:59:44,893,14.421965133674927,122,True,1.8759694591290792,31.81296641972836
2025-09-19 19:59:51,894,9.713109560607805,79,True,1.7735840880694742,21.536827673889874
2025-09-19 19:59:59,895,13.857591319978713,96,True,1.8383637344440773,29.154710124005614
2025-09-19 20:00:09,896,15.637993919965568,116,True,1.6542371907435536,34.55071208401424
2025-09-19 20:00:14,897,12.697086972013752,69,True,1.5011702103786189,24.78668742813006
2025-09-19 20:00:24,898,14.68463586880476,119,True,1.9318138667918456,33.25370484855168
2025-09-19 20:00:33,899,13.33969046322148,97,True,1.518426336337737,28.703580533669097
2025-09-19 20:00:41,900,10.73766583692538,101,True,1.9172966269461256,25.02505988941261
2025-09-19 20:00:49,901,12.783402988104585,97,True,1.963891789672506,27.588734927419534
2025-09-19 20:00:56,902,11.334952078454316,79,True,1.5902161036858664,23.02923123987616
2025-09-19 20:01:02,903,16.449835439536663,77,True,1.8700320031974191,32.42676887782952
2025-09-19 20:01:10,904,11.336990812489693,92,True,1.7070399705803736,24.264759063090686
2025-09-19 20:01:15,905,12.179827093336893,58,True,1.973431346917819,23.430540108502367
2025-09-19 20:01:20,906,13.36261469586565,54,True,1.8892165456230101,24.628102423290017
2025-09-19 20:01:25,907,10.657207293834285,64,True,1.7904294515404267,21.369570887515973
2025-09-19 20:01:33,908,16.53163159869373,88,True,1.9645374649848515,32.67120838668013
2025-09-19 20:01:37,909,11.827500570134626,49,True,1.6384963963353159,21.247165625497715
2025-09-19 20:01:45,910,14.305095705456218,100,True,1.8849556206920304,30.231540298206315
2025-09-19 20:01:53,911,17.09501916619559,88,True,1.9737964416768319,34.011247204318224
2025-09-19 20:02:00,912,14.639179358913925,84,True,1.5280262410548135,29.64603785969593
2025-09-19 20:02:07,913,13.804198127300975,84,True,1.6703925357921132,27.720808416359027
2025-09-19 20:02:17,914,12.11518001194869,120,True,1.7794518909413295,28.55879692929301
2025-09-19 20:02:26,915,12.892487984517064,106,True,1.651020974334004,29.042581024399915
2025-09-19 20:02:33,916,17.280537946395988,78,True,1.9504151009867496,33.12219794049414
2025-09-19 20:02:39,917,15.744073398908034,81,True,1.9054143598677769,30.19299115524693
2025-09-19 20:02:47,918,16.106007644654948,94,True,1.5941012417291083,32.035668624444476
2025-09-19 20:02:56,919,12.18016247248264,101,True,1.8511820075749008,25.849396831760444
2025-09-19 20:03:03,920,10.91331933565096,83,True,1.9874719510491365,22.81938660135104
2025-09-19 20:03:10,921,16.37722293059857,81,True,1.7711892207351239,31.44689058773808
2025-09-19 20:03:16,922,10.656188541427069,83,True,1.8561554594734,23.40997549559498
2025-09-19 20:03:23,923,16.915817017103507,85,True,1.8319446106270076,32.51582308970805
2025-09-19 20:03:33,924,12.272472761563666,115,True,1.9010607238385129,27.635909787075175
2025-09-19 20:03:41,925,17.27966664186163,92,True,1.9597489228424456,34.854432174979685
2025-09-19 20:03:48,926,10.15065060474656,86,True,1.9067638027850446,21.05198706394012
2025-09-19 20:03:57,927,17.67195075772174,101,True,1.5866844361448653,34.102558736671796
2025-09-19 20:04:05,928,17.729679369297735,100,True,1.7943149809897052,34.85975003701887
2025-09-19 20:04:11,929,14.020698481555034,67,True,1.6118520332684467,26.28711373089574
2025-09-19 20:04:21,930,14.319033348840021,128,True,1.6249381729102215,33.24220397489655
2025-09-19 20:04:28,931,12.25770556735331,81,True,1.492164114690087,25.278097693049435
2025-09-19 20:04:33,932,12.670561969889045,55,True,1.5462837718780833,23.465437029027882
2025-09-19 20:04:40,933,17.07172815673897,84,True,1.6492479857225497,33.43687121750654
2025-09-19 20:04:47,934,16.766043505952133,79,True,1.4851592940276859,32.00765454038753
2025-09-19 20:04:51,935,11.457249379258972,50,True,1.7336620564561955,20.705534427152134
2025-09-19 20:04:57,936,12.635625875553831,67,True,1.9518978680220525,24.601137807692066
2025-09-19 20:05:02,937,16.392104635403403,66,True,1.8122074277307327,30.89394734569633
2025-09-19 20:05:08,938,12.534385578314966,63,True,1.6644262828502299,23.774014399795796
2025-09-19 20:05:12,939,12.265266011727391,47,True,1.9415791730633398,22.68245241794079
2025-09-19 20:05:16,940,12.120907326607357,50,True,1.83748050597267,22.508599795572426
2025-09-19 20:05:22,941,15.18025481935014,70,True,1.8968374616457213,29.499333656862074
2025-09-19 20:05:30,942,13.02608682346919,98,True,1.3750159218798097,27.81328054205339
2025-09-19 20:05:38,943,15.32271992896627,99,True,1.5546688204431598,31.96053496921199
2025-09-19 20:05:45,944,13.96461776764672,73,True,1.9926776053539965,27.514672252413522
2025-09-19 20:05:52,945,11.451749591367541,90,True,1.8841916709304816,24.97307550275726
2025-09-19 20:05:57,946,11.224247602636996,51,True,1.903210071421029,21.04549524589958
2025-09-19 20:06:04,947,16.234190928435936,92,True,1.9569624491041688,33.54206301264248
2025-09-19 20:06:09,948,12.837995774422813,48,True,1.7933985802992867,23.05586493888574
2025-09-19 20:06:16,949,10.670883522054266,83,True,1.8207252818471764,23.50899027605337
2025-09-19 20:06:21,950,16.12630248123562,69,True,1.793354128067911,30.745751285080235
2025-09-19 20:06:28,951,9.49667244270539,83,True,1.4387043234613148,21.08616967206549
2025-09-19 20:06:37,952,11.292413444543236,104,True,1.68030357632746,25.816827912354885
2025-09-19 20:06:42,953,13.86355250184358,61,True,1.6927733787881474,25.746172703332828
2025-09-19 20:06:49,954,11.337847615672286,83,True,1.534797848577273,23.92724632387552
2025-09-19 20:06:56,955,16.33964197341907,74,True,1.6928406470811568,30.953824890710557
2025-09-19 20:07:00,956,12.196242545961594,54,True,1.512222921416119,22.399223612307782
2025-09-19 20:07:04,957,12.25332252651494,46,True,1.8992546522902662,22.351177100236534
2025-09-19 20:07:10,958,13.561572271481138,67,True,1.8761969294894256,26.037000421328212
2025-09-19 20:07:15,959,15.32532775676593,64,True,1.8019857371888646,28.640584410733176
2025-09-19 20:07:22,960,13.549836430021045,77,True,1.920709544477704,27.407691016341488
2025-09-19 20:07:31,961,14.598227072101492,112,True,1.9279699759184825,32.358893762211984
2025-09-19 20:07:36,962,12.110892627134767,53,True,1.6964920416051013,22.212307206529626
2025-09-19 20:07:42,963,10.502956394124425,80,True,1.9922500972875683,22.554326341311082
2025-09-19 20:07:47,964,12.334482172457868,58,True,1.6412214961712308,23.229000392373944
2025-09-19 20:07:56,965,15.647655710682056,104,True,1.5761586778961434,33.85134162010215
2025-09-19 20:08:01,966,11.023746932931711,60,True,1.8204361847008237,21.460164454550373
2025-09-19 20:08:08,967,15.083033388234437,82,True,1.9041615089959745,30.415573102200366
2025-09-19 20:08:15,968,17.592206830940697,82,True,1.5480195115096882,33.79876658771885
2025-09-19 20:08:22,969,8.976699987047287,83,True,1.7757329743744745,20.650926870493706
2025-09-19 20:08:33,970,15.509289448863193,125,True,1.7468836233832732,34.90359238234466
2025-09-19 20:08:38,971,14.914647040434746,69,True,1.880890912494949,28.615188184409753
2025-09-19 20:08:44,972,12.553882302062894,68,True,1.613567173080679,24.575376126030182
2025-09-19 20:08:53,973,10.90638274824266,97,True,1.8172682280290076,23.99708322886611
2025-09-19 20:09:01,974,15.43576655907728,101,True,1.9956731088929336,32.66773768332293
2025-09-19 20:09:08,975,12.08940245334654,82,True,1.8788763500653374,25.150731040534062
2025-09-19 20:09:15,976,12.233514215913596,85,True,1.9840910851179168,25.50768381146251
2025-09-19 20:09:24,977,12.268285448590579,103,True,1.762427835879483,27.944448253983108
2025-09-19 20:09:28,978,11.112996601263612,52,True,1.7312633171002916,20.56699938179015
2025-09-19 20:09:36,979,8.980838422972509,96,True,1.731885805006692,21.838487155867085
2025-09-19 20:09:42,980,11.009670567220622,62,True,1.813215843509195,21.521164580691327
2025-09-19 20:09:51,981,15.393792002553734,108,True,1.8492369687497792,33.66502583263173
2025-09-19 20:10:01,982,11.842669573278295,128,True,1.9045354780944794,28.549175217473675
2025-09-19 20:10:10,983,13.619521747883358,100,True,1.7865118047466564,28.655279880454916
2025-09-19 20:10:17,984,13.246648586398173,79,True,1.6690793395846037,26.81958932929412
2025-09-19 20:10:23,985,13.222317407374398,77,True,1.943964435448324,26.17739198983699
2025-09-19 20:10:29,986,13.851648011814607,66,True,1.9763091498098335,26.673222178181177
2025-09-19 20:10:36,987,12.60655656010984,88,True,1.8798569787841337,26.60534576308637
2025-09-19 20:10:43,988,9.998399839509148,82,True,1.9816934910803257,22.294097105948264
2025-09-19 20:10:52,989,16.170966822959063,99,True,1.9652147985864465,33.953265321933316
2025-09-19 20:10:58,990,17.625502894334883,77,True,1.8459158272353537,34.09060419540259
2025-09-19 20:11:05,991,8.895676092937984,85,True,1.9586161060472904,20.290155624290236
2025-09-19 20:11:14,992,16.133042636141354,98,True,1.7268980764645934,33.52922013854668
2025-09-19 20:11:22,993,14.079195119328126,97,True,1.9415086318896067,30.06429760996024
2025-09-19 20:11:30,994,13.772927860147572,97,True,1.552914204715009,29.494070706626605
2025-09-19 20:11:37,995,11.891159758510158,83,True,1.7918169442451828,25.138564574283592
2025-09-19 20:11:44,996,17.904152070575094,78,True,1.9464816204875621,33.994823933408824
2025-09-19 20:11:51,997,14.27426638381637,82,True,1.8457165268988367,29.29781650501239
2025-09-19 20:11:58,998,10.174145238347068,87,True,1.8500634401526082,21.887925651241844
2025-09-19 20:12:06,999,17.103573516342628,95,True,1.9506617003757518,34.21698525554158
